"Facility Satisfaction","Curriculum Quality","Teaching Learning","Campus Services","Student Support","Digital Readiness","Wellbeing","Overall Satisfaction","Sector","Gender"
65,67.2727272727273,NA,60,60,70,60,65,"Public","Male"
61.6666666666667,89.0909090909091,NA,NA,60,20,80,70.3225806451613,"Public","Male"
83.3333333333333,90.9090909090909,NA,NA,55,60,80,80.625,"Public","Female"
78.3333333333333,85.4545454545455,NA,NA,60,80,80,78,"Public","Female"
80,87.2727272727273,NA,NA,65,50,80,78.75,"Public","Female"
68.3333333333333,61.8181818181818,NA,NA,60,20,60,64,"Public","Female"
60,61.8181818181818,NA,NA,60,NA,60,60.6896551724138,"Public","Female"
80,80,NA,NA,64,20,60,75,"Public","Female"
46.6666666666667,63.6363636363636,NA,NA,75,30,60,54.8387096774194,"Public","Female"
40,30.9090909090909,NA,NA,70,20,80,41.3793103448276,"Public","Male"
80,80,NA,NA,50,100,80,78.5714285714286,"Public","Female"
80,72.7272727272727,NA,60,70,40,80,72.9032258064516,"Public","Female"
53.3333333333333,56.3636363636364,NA,NA,60,40,60,53.75,"Public","Female"
58.3333333333333,49.0909090909091,NA,NA,48,40,60,52.258064516129,"Public","Female"
58.3333333333333,54.5454545454545,NA,NA,66.6666666666667,30,80,56.551724137931,"Public","Female"
85,96.3636363636364,NA,NA,60,20,80,84,"Public","Female"
75,69.0909090909091,NA,NA,64,60,60,70.3030303030303,"Public","Female"
46.6666666666667,40,NA,60,72,80,20,50,"Public","Male"
80,85.4545454545455,NA,60,60,50,100,78.125,"Public","Female"
63.3333333333333,72.7272727272727,NA,60,60,20,80,66.4516129032258,"Public","Female"
48.3333333333333,61.8181818181818,NA,60,60,20,20,50.6666666666667,"Public","Female"
31.6666666666667,34.5454545454545,NA,NA,64,50,60,40.625,"Public","Male"
36.6666666666667,61.8181818181818,NA,NA,56,20,60,48.3870967741936,"Public","Male"
35,49.0909090909091,NA,NA,70,33.3333333333333,60,45,"Public","Male"
51.6666666666667,60,NA,60,40,40,60,55,"Public","Female"
56.6666666666667,56.3636363636364,NA,NA,60,30,80,54.8387096774194,"Public","Female"
46.6666666666667,27.2727272727273,NA,NA,65,46.6666666666667,60,41.875,"Public","Female"
85,80,NA,NA,50,80,80,77.3333333333333,"Public","Female"
66.6666666666667,76.3636363636364,40,60,53.3333333333333,50,80,68.125,"Public","Female"
71.6666666666667,80,NA,NA,50,70,80,72.9032258064516,"Public","Female"
80,80,NA,NA,73.3333333333333,NA,80,78.5714285714286,"Public","Female"
76.6666666666667,76.3636363636364,NA,NA,66.6666666666667,40,100,75,"Public","Male"
80,67.2727272727273,NA,60,72,80,80,71.875,"Public","Male"
85,80,NA,NA,40,NA,60,76.4285714285714,"Public","Female"
96.6666666666667,98.1818181818182,NA,NA,60,60,80,87.0967741935484,"Public","Male"
66.6666666666667,78.1818181818182,NA,NA,53.3333333333333,40,80,67.3333333333333,"Public","Female"
70,70.9090909090909,NA,60,65,50,80,68.3870967741936,"Public","Female"
65,65.4545454545455,NA,NA,60,40,60,62.5806451612903,"Public","Female"
56.6666666666667,50.9090909090909,NA,NA,73.3333333333333,40,40,55.3333333333333,"Public","Female"
55,60,NA,NA,50,40,60,56.7741935483871,"Public","Female"
45,60,NA,60,53.3333333333333,50,80,54.375,"Public","Female"
60,69.0909090909091,NA,NA,60,20,80,63.8709677419355,"Public","Female"
68.3333333333333,63.6363636363636,NA,NA,50,60,60,63.8709677419355,"Public","Female"
60,60,20,NA,60,NA,80,60.6666666666667,"Public","Female"
31.6666666666667,34.5454545454545,NA,NA,60,50,60,39.3548387096774,"Public","Female"
55,56.3636363636364,NA,NA,60,40,60,54.1935483870968,"Public","Male"
58.3333333333333,61.8181818181818,NA,NA,53.3333333333333,50,80,60.6666666666667,"Public","Female"
93.3333333333333,54.5454545454545,NA,60,65,60,100,72.9032258064516,"Public","Male"
91.6666666666667,72.7272727272727,NA,NA,73.3333333333333,20,100,78.6666666666667,"Public","Female"
76.6666666666667,81.8181818181818,NA,60,85,40,60,78.0645161290323,"Public","Female"
60,65.4545454545455,NA,NA,20,33.3333333333333,60,56.7741935483871,"Public","Female"
33.3333333333333,60,NA,NA,40,60,40,46,"Public","Female"
90,83.6363636363636,NA,NA,50,70,80,80,"Public","Female"
45,41.8181818181818,NA,NA,45,NA,60,44.2857142857143,"Public","Female"
68.3333333333333,70.9090909090909,NA,NA,64,NA,60,68.3870967741936,"Public","Female"
61.6666666666667,54.5454545454545,NA,NA,65,50,80,60.625,"Public","Female"
53.3333333333333,60,NA,NA,66.6666666666667,40,80,58,"Public","Female"
56.6666666666667,60,NA,60,70,50,80,59.375,"Public","Female"
81.6666666666667,72.7272727272727,NA,NA,60,50,80,72.5,"Public","Female"
26.6666666666667,100,NA,60,60,40,60,60.6896551724138,"Public","Female"
60,54.5454545454545,NA,60,60,NA,80,57.3333333333333,"Public","Female"
36.6666666666667,50.9090909090909,40,60,60,NA,40,46.6666666666667,"Public","Female"
68.3333333333333,56.3636363636364,NA,60,70,80,80,65,"Public","Female"
48.3333333333333,36.3636363636364,NA,60,53.3333333333333,50,40,45.1612903225806,"Public","Male"
100,90.9090909090909,NA,NA,60,60,80,87.0967741935484,"Public","Female"
75,56.3636363636364,NA,60,60,40,60,63.2258064516129,"Private","Female"
80,80,NA,NA,55,80,80,75.3333333333333,"Public","Female"
51.6666666666667,65.4545454545455,20,60,50,20,60,54.375,"Public","Male"
75,76.3636363636364,NA,NA,65,NA,80,73.7931034482759,"Public","Female"
60,49.0909090909091,NA,NA,55,30,60,52.9032258064516,"Public","Male"
51.6666666666667,52.7272727272727,NA,NA,50,33.3333333333333,80,51.25,"Public","Female"
80,74.5454545454545,NA,NA,48,40,60,69.6969696969697,"Public","Female"
85,65.4545454545455,NA,60,55,100,60,71.25,"Private","Male"
21.6666666666667,20,NA,NA,60,70,60,29.6774193548387,"Private","Male"
76.6666666666667,72.7272727272727,NA,NA,66.6666666666667,40,100,72.6666666666667,"Private","Male"
65,67.2727272727273,NA,NA,60,40,80,64.1379310344828,"Public","Female"
75,61.8181818181818,NA,NA,48,50,60,65,"Public","Female"
30,32.7272727272727,NA,NA,60,60,80,38.6666666666667,"Public","Male"
53.3333333333333,49.0909090909091,40,60,65,70,60,54.1176470588235,"Public","Female"
56.6666666666667,81.8181818181818,NA,NA,50,40,80,63.8709677419355,"Public","Male"
80,80,NA,60,53.3333333333333,40,80,74.8387096774193,"Public","Female"
63.3333333333333,58.1818181818182,NA,60,55,33.3333333333333,60,57.5757575757576,"Public","Male"
83.3333333333333,69.0909090909091,NA,NA,40,50,80,71.0344827586207,"Public","Female"
76.6666666666667,67.2727272727273,NA,NA,66.6666666666667,20,60,70,"Public","Female"
83.3333333333333,85.4545454545455,NA,NA,60,NA,80,81.4814814814815,"Public","Female"
68.3333333333333,65.4545454545455,NA,NA,20,40,80,62.7586206896552,"Private","Male"
90,87.2727272727273,NA,NA,60,NA,80,83.448275862069,"Private","Male"
61.6666666666667,45.4545454545455,NA,NA,55,20,40,52.4137931034483,"Private","Male"
75,58.1818181818182,NA,60,65,50,60,64.375,"Public","Female"
53.3333333333333,43.6363636363636,NA,NA,46.6666666666667,40,80,49.3333333333333,"Public","Male"
51.6666666666667,49.0909090909091,40,60,60,60,60,51.25,"Public","Female"
50,49.0909090909091,40,NA,50,60,80,52.258064516129,"Public","Female"
63.3333333333333,58.1818181818182,NA,NA,80,20,100,62.1428571428571,"Public","Female"
81.6666666666667,69.0909090909091,40,60,46.6666666666667,60,80,71.6129032258064,"Public","Female"
73.3333333333333,80,NA,NA,50,40,80,70,"Public","Female"
51.6666666666667,52.7272727272727,NA,NA,65,NA,100,55.8620689655172,"Public","Male"
55,81.8181818181818,NA,60,65,60,60,66.25,"Public","Female"
70,43.6363636363636,NA,60,70,40,60,59.375,"Private","Female"
66.6666666666667,61.8181818181818,NA,NA,60,50,60,62.5806451612903,"Public","Female"
75,80,NA,60,73.3333333333333,50,80,74.6666666666667,"Public","Female"
85,76.3636363636364,NA,60,60,60,60,76.7741935483871,"Public","Female"
43.3333333333333,40,40,NA,53.3333333333333,NA,40,44.8275862068965,"Public","Female"
86.6666666666667,74.5454545454545,NA,NA,53.3333333333333,80,60,76.551724137931,"Public","Female"
95,85.4545454545455,NA,NA,60,40,80,85.5172413793103,"Public","Male"
88.3333333333333,58.1818181818182,NA,NA,70,20,80,71.7241379310345,"Public","Male"
56.6666666666667,49.0909090909091,NA,60,55,70,60,53.75,"Public","Male"
75,85.4545454545455,NA,NA,60,20,80,75.1724137931035,"Public","Male"
25,20,NA,60,55,20,60,29.3333333333333,"Public","Female"
55,72.7272727272727,NA,60,60,53.3333333333333,80,62.4242424242424,"Public","Male"
25,27.2727272727273,NA,60,20,20,60,27.8571428571429,"Public","Male"
53.3333333333333,38.1818181818182,NA,60,40,30,60,46,"Public","Female"
51.6666666666667,56.3636363636364,40,NA,60,NA,60,54.4827586206897,"Public","Male"
53.3333333333333,83.6363636363636,NA,NA,68,53.3333333333333,80,67.0588235294118,"Public","Female"
25,36.3636363636364,NA,NA,35,20,60,34.8387096774194,"Public","Female"
76.6666666666667,74.5454545454545,NA,60,65,50,60,71.25,"Public","Female"
53.3333333333333,76.3636363636364,NA,NA,65,NA,60,63.448275862069,"Public","Male"
65,65.4545454545455,NA,NA,46.6666666666667,20,80,61.3793103448276,"Public","Female"
50,56.3636363636364,20,NA,50,NA,40,52.9032258064516,"Public","Female"
56.6666666666667,61.8181818181818,NA,NA,45,60,60,58,"Public","Female"
53.3333333333333,69.0909090909091,NA,60,35,40,60,56.969696969697,"Public","Female"
61.6666666666667,56.3636363636364,NA,NA,60,60,60,59.3333333333333,"Public","Male"
58.3333333333333,45.4545454545455,NA,NA,56,30,60,51.25,"Public","Male"
65,61.8181818181818,20,60,46.6666666666667,40,80,59.375,"Public","Female"
53.3333333333333,74.5454545454545,NA,NA,50,60,60,62.6666666666667,"Public","Male"
81.6666666666667,58.1818181818182,NA,NA,68,40,60,66.6666666666667,"Public","Male"
41.6666666666667,47.2727272727273,40,60,70,53.3333333333333,60,50.5882352941176,"Public","Female"
65,50.9090909090909,NA,NA,70,30,40,56.551724137931,"Public","Female"
91.6666666666667,98.1818181818182,NA,60,70,80,100,88.75,"Public","Male"
80,80,NA,60,66.6666666666667,50,80,75.4838709677419,"Public","Female"
48.3333333333333,60,NA,60,55,50,60,54.375,"Public","Female"
53.3333333333333,76.3636363636364,NA,60,60,50,60,62.5,"Public","Female"
40,38.1818181818182,NA,NA,73.3333333333333,20,60,42.8571428571429,"Public","Female"
20,23.6363636363636,NA,60,55,100,100,33.5483870967742,"Public","Female"
80,80,NA,60,60,NA,60,74.6666666666667,"Public","Female"
48.3333333333333,20,NA,NA,52,40,60,41.25,"Public","Male"
38.3333333333333,43.6363636363636,NA,NA,40,33.3333333333333,40,40,"Private","Male"
36.6666666666667,34.5454545454545,NA,NA,35,40,40,35.8620689655172,"Public","Male"
70,63.6363636363636,NA,NA,60,40,60,62.5806451612903,"Private","Male"
43.3333333333333,40,NA,NA,50,NA,60,46,"Public","Female"
55,60,NA,NA,40,60,60,55.3333333333333,"Public","Male"
55,60,40,NA,64,40,60,57.5,"Public","Male"
73.3333333333333,60,NA,NA,64,NA,80,68,"Public","Female"
65,80,NA,NA,60,60,60,68.9655172413793,"Public","Female"
53.3333333333333,67.2727272727273,NA,60,65,60,60,60.625,"Public","Female"
53.3333333333333,67.2727272727273,NA,NA,65,53.3333333333333,80,60,"Public","Female"
36.6666666666667,20,NA,NA,66.6666666666667,20,80,34.2857142857143,"Public","Female"
50,65.4545454545455,40,NA,60,50,60,56.7741935483871,"Public","Female"
36.6666666666667,27.2727272727273,40,NA,60,40,60,38.1818181818182,"Public","Female"
81.6666666666667,78.1818181818182,NA,NA,65,NA,100,76,"Public","Male"
80,78.1818181818182,NA,NA,40,100,100,78.5714285714286,"Public","Female"
58.3333333333333,81.8181818181818,NA,NA,70,NA,60,67.3333333333333,"Public","Female"
80,80,NA,60,53.3333333333333,80,80,74.8387096774193,"Private","Male"
78.3333333333333,74.5454545454545,40,NA,60,40,60,71.3333333333333,"Public","Female"
31.6666666666667,38.1818181818182,NA,NA,50,40,20,36.969696969697,"Private","Male"
53.3333333333333,58.1818181818182,NA,NA,52,30,60,55,"Public","Female"
78.3333333333333,100,NA,60,60,20,60,78.7096774193548,"Public","Female"
31.6666666666667,34.5454545454545,NA,NA,70,20,80,40,"Public","Female"
60,58.1818181818182,NA,NA,70,20,40,56.551724137931,"Public","Male"
56.6666666666667,60,NA,NA,55,60,60,58.7096774193548,"Public","Female"
78.3333333333333,80,NA,NA,64,70,80,74.375,"Public","Male"
61.6666666666667,38.1818181818182,NA,NA,70,20,20,50,"Public","Male"
58.3333333333333,60,NA,NA,70,40,60,57.5,"Public","Female"
31.6666666666667,40,NA,60,60,40,40,40,"Public","Female"
65,60,NA,60,65,40,80,63.125,"Public","Female"
36.6666666666667,40,40,NA,60,40,40,41.2903225806452,"Public","Male"
60,69.0909090909091,NA,NA,73.3333333333333,40,60,65.3333333333333,"Public","Female"
65,72.7272727272727,40,NA,65,NA,80,67.0967741935484,"Public","Female"
55,43.6363636363636,NA,NA,50,40,40,48.9655172413793,"Public","Female"
70,60,NA,60,68,100,60,66.4516129032258,"Public","Male"
66.6666666666667,43.6363636363636,NA,NA,70,20,40,55.8620689655172,"Public","Female"
51.6666666666667,41.8181818181818,40,60,65,50,60,51.5151515151515,"Public","Male"
71.6666666666667,67.2727272727273,NA,NA,60,40,60,66.4285714285714,"Public","Male"
76.6666666666667,58.1818181818182,NA,NA,55,NA,80,65.5172413793103,"Public","Male"
80,80,NA,NA,50,100,80,75.4838709677419,"Public","Female"
70,58.1818181818182,NA,NA,65,40,60,62.5806451612903,"Public","Male"
80,89.0909090909091,20,NA,55,100,80,78.75,"Public","Female"
56.6666666666667,54.5454545454545,NA,NA,60,40,80,56.1290322580645,"Public","Female"
60,56.3636363636364,40,NA,55,60,80,58.125,"Public","Female"
80,80,NA,NA,55,NA,60,75.7142857142857,"Public","Female"
81.6666666666667,61.8181818181818,NA,60,40,60,60,68.3870967741936,"Public","Male"
75,60,NA,NA,55,70,80,66.25,"Public","Male"
30,47.2727272727273,NA,NA,65,50,60,45,"Public","Female"
90,98.1818181818182,NA,NA,55,100,100,88.6666666666667,"Public","Male"
76.6666666666667,72.7272727272727,NA,NA,60,NA,60,73.1034482758621,"Public","Female"
68.3333333333333,60,NA,NA,60,50,100,63.3333333333333,"Public","Female"
76.6666666666667,76.3636363636364,NA,NA,50,60,60,72.4137931034483,"Public","Female"
61.6666666666667,70.9090909090909,40,NA,64,60,60,64.5161290322581,"Public","Female"
55,60,NA,NA,55,NA,60,56.551724137931,"Private","Male"
76.6666666666667,67.2727272727273,40,NA,20,NA,80,65.7142857142857,"Public","Male"
76.6666666666667,70.9090909090909,NA,60,60,60,60,72,"Private","Female"
86.6666666666667,87.2727272727273,NA,NA,40,NA,60,77.9310344827586,"Public","Female"
58.3333333333333,76.3636363636364,NA,60,75,NA,60,67.0967741935484,"Public","Female"
76.6666666666667,70.9090909090909,NA,NA,66.6666666666667,60,80,72.8571428571429,"Public","Female"
48.3333333333333,76.3636363636364,NA,NA,60,NA,80,61.3333333333333,"Public","Male"
66.6666666666667,61.8181818181818,NA,NA,66.6666666666667,20,60,62.7586206896552,"Public","Female"
80,69.0909090909091,NA,60,60,20,60,70.3225806451613,"Public","Male"
65,63.6363636363636,NA,60,60,NA,60,62.7586206896552,"Public","Female"
76.6666666666667,83.6363636363636,40,NA,66.6666666666667,60,60,75.8620689655172,"Public","Female"
31.6666666666667,29.0909090909091,NA,NA,40,50,60,33.1034482758621,"Public","Female"
51.6666666666667,65.4545454545455,NA,60,65,50,60,58.7096774193548,"Public","Female"
60,60,NA,NA,60,40,60,58.0645161290323,"Public","Male"
58.3333333333333,74.5454545454545,NA,NA,75,80,60,68.3870967741936,"Public","Female"
45,20,NA,NA,20,20,60,32.5925925925926,"Public","Female"
45,47.2727272727273,NA,NA,53.3333333333333,40,60,48.75,"Public","Female"
68.3333333333333,65.4545454545455,NA,NA,68,NA,80,67.3333333333333,"Public","Female"
40,20,40,60,35,50,40,35.1515151515151,"Public","Female"
58.3333333333333,60,NA,NA,55,60,80,59.3333333333333,"Private","Female"
53.3333333333333,60,NA,60,60,20,60,55.8620689655172,"Public","Female"
65,69.0909090909091,NA,NA,53.3333333333333,40,80,65,"Public","Female"
53.3333333333333,49.0909090909091,NA,60,60,53.3333333333333,60,53.9393939393939,"Public","Female"
71.6666666666667,92.7272727272727,NA,NA,60,NA,80,76.7741935483871,"Public","Male"
41.6666666666667,70.9090909090909,NA,NA,60,20,20,54,"Public","Male"
58.3333333333333,47.2727272727273,NA,NA,65,40,80,55.3333333333333,"Public","Male"
51.6666666666667,52.7272727272727,NA,NA,40,20,60,50.6666666666667,"Public","Female"
68.3333333333333,67.2727272727273,NA,NA,55,40,60,63.8709677419355,"Public","Male"
76.6666666666667,83.6363636363636,NA,NA,55,50,100,74.8387096774193,"Public","Female"
71.6666666666667,80,NA,NA,60,NA,60,72.4137931034483,"Public","Male"
56.6666666666667,56.3636363636364,NA,NA,60,40,60,55,"Private","Male"
36.6666666666667,25.4545454545455,NA,NA,53.3333333333333,40,60,35.1724137931034,"Public","Female"
70,72.7272727272727,NA,NA,60,70,60,69.0322580645161,"Public","Female"
55,58.1818181818182,NA,60,60,50,80,58.75,"Public","Female"
43.3333333333333,23.6363636363636,NA,NA,70,40,40,40,"Private","Male"
50,69.0909090909091,NA,60,85,20,80,61.2121212121212,"Public","Female"
38.3333333333333,20,NA,NA,60,20,60,35.3333333333333,"Public","Male"
61.6666666666667,67.2727272727273,NA,NA,60,NA,80,65.7142857142857,"Public","Female"
51.6666666666667,49.0909090909091,NA,60,40,20,20,47.5862068965517,"Public","Male"
68.3333333333333,67.2727272727273,NA,NA,55,40,60,65.1612903225807,"Public","Male"
60,61.8181818181818,NA,NA,73.3333333333333,20,60,60.7142857142857,"Public","Female"
73.3333333333333,74.5454545454545,NA,NA,46.6666666666667,NA,80,70.3448275862069,"Public","Female"
98.3333333333333,78.1818181818182,NA,NA,60,80,100,84,"not determined","Female"
46.6666666666667,47.2727272727273,NA,NA,70,20,60,50,"Public","Female"
80,80,NA,NA,60,NA,60,74.4827586206897,"Public","Female"
46.6666666666667,58.1818181818182,NA,NA,60,50,60,53.75,"Private","Female"
58.3333333333333,56.3636363636364,NA,60,53.3333333333333,20,60,54.6666666666667,"Public","Male"
60,69.0909090909091,40,60,68,53.3333333333333,80,64,"Public","Female"
55,60,NA,60,65,60,80,59.375,"Public","Female"
58.3333333333333,65.4545454545455,20,NA,65,50,80,61.875,"Public","Female"
80,80,NA,NA,60,80,100,77.3333333333333,"Public","Female"
36.6666666666667,38.1818181818182,NA,NA,60,20,20,38.5714285714286,"Public","Female"
45,49.0909090909091,NA,60,66.6666666666667,40,60,49.6774193548387,"Public","Female"
78.3333333333333,70.9090909090909,NA,NA,60,40,60,71.6129032258064,"Public","Female"
100,80,NA,NA,56,46.6666666666667,60,78.7878787878788,"Public","Male"
65,69.0909090909091,NA,NA,65,80,40,66.6666666666667,"Public","Female"
75,69.0909090909091,NA,NA,40,50,20,64.5161290322581,"Public","Female"
53.3333333333333,61.8181818181818,NA,NA,65,60,80,58.7096774193548,"Public","Male"
40,41.8181818181818,NA,60,65,20,60,44.6666666666667,"Public","Male"
80,94.5454545454545,NA,NA,65,40,100,82.5806451612903,"Public","Female"
88.3333333333333,72.7272727272727,NA,NA,60,NA,60,75.1724137931035,"Private","Male"
93.3333333333333,89.0909090909091,NA,NA,70,70,80,84.375,"Public","Male"
75,100,NA,NA,80,40,100,83.3333333333333,"Private","Female"
83.3333333333333,69.0909090909091,NA,NA,68,60,80,74.1935483870968,"Private","Female"
56.6666666666667,80,NA,NA,70,40,80,67.741935483871,"Public","Male"
60,60,NA,NA,75,NA,60,62.6666666666667,"Public","Female"
66.6666666666667,67.2727272727273,40,NA,65,50,60,64.375,"Public","Female"
70,78.1818181818182,NA,NA,60,40,80,69.6774193548387,"Public","Male"
63.3333333333333,60,NA,60,55,60,60,60,"Private","Male"
80,80,NA,NA,45,40,60,70.9677419354839,"Public","Female"
88.3333333333333,72.7272727272727,NA,NA,65,20,60,75.4838709677419,"Public","Female"
48.3333333333333,52.7272727272727,NA,NA,55,53.3333333333333,60,51.25,"Public","Female"
38.3333333333333,43.6363636363636,NA,60,73.3333333333333,60,60,46.25,"Private","Female"
48.3333333333333,60,NA,NA,56,20,80,54,"Public","Female"
20,23.6363636363636,NA,NA,40,40,60,26.8965517241379,"Public","Female"
51.6666666666667,49.0909090909091,NA,60,65,20,60,52,"Public","Male"
75,83.6363636363636,NA,NA,50,70,80,73.5483870967742,"Private","Male"
83.3333333333333,80,NA,NA,70,20,80,76.7741935483871,"Public","Female"
90,94.5454545454545,NA,NA,85,50,20,83.75,"Public","Male"
63.3333333333333,63.6363636363636,NA,NA,68,50,60,62.5,"Public","Female"
40,30.9090909090909,NA,NA,60,40,60,39.3333333333333,"Public","Female"
80,67.2727272727273,NA,NA,60,100,60,70.3225806451613,"Private","Male"
60,60,NA,NA,73.3333333333333,20,100,62,"Public","Female"
65,81.8181818181818,NA,NA,55,80,100,71.3333333333333,"Private","Female"
66.6666666666667,69.0909090909091,NA,60,66.6666666666667,NA,80,67.3333333333333,"Public","Female"
91.6666666666667,81.8181818181818,NA,60,60,60,60,79.3548387096774,"Public","Female"
41.6666666666667,54.5454545454545,NA,NA,66.6666666666667,60,80,52.4137931034483,"Public","Female"
80,80,NA,NA,70,60,60,76.875,"Public","Male"
73.3333333333333,70.9090909090909,NA,NA,60,NA,40,69.2857142857143,"Public","Female"
60,60,NA,NA,64,40,60,59.375,"Public","Female"
81.6666666666667,49.0909090909091,NA,NA,55,40,80,62.5806451612903,"Public","Female"
23.3333333333333,20,NA,NA,20,20,60,23.0769230769231,"Public","Female"
58.3333333333333,70.9090909090909,NA,NA,53.3333333333333,NA,80,64.8275862068965,"Public","Female"
30,30.9090909090909,NA,NA,60,33.3333333333333,60,34.8387096774194,"Public","Female"
55,56.3636363636364,NA,NA,64,50,60,57.5757575757576,"Public","Female"
55,69.0909090909091,NA,NA,45,60,80,58.0645161290323,"Private","Male"
50,58.1818181818182,NA,NA,60,60,60,55.3333333333333,"Public","Female"
73.3333333333333,78.1818181818182,NA,NA,56,NA,80,73.3333333333333,"Public","Female"
50,52.7272727272727,NA,NA,68,40,60,53.125,"Public","Female"
80,81.8181818181818,NA,NA,64,50,80,76.1290322580645,"Public","Female"
35,60,NA,NA,80,40,80,51.0344827586207,"Public","Female"
31.6666666666667,36.3636363636364,NA,NA,60,20,20,37.3333333333333,"Public","Male"
48.3333333333333,30.9090909090909,NA,NA,20,20,60,40,"Public","Female"
60,60,NA,60,40,NA,40,56.7741935483871,"Public","Female"
70,85.4545454545455,NA,NA,66.6666666666667,50,100,76,"Public","Female"
60,25.4545454545455,NA,NA,65,50,20,46,"Public","Male"
60,60,NA,NA,50,20,60,58.6666666666667,"Public","Female"
63.3333333333333,65.4545454545455,40,60,60,80,60,64.1176470588235,"Public","Female"
53.3333333333333,69.0909090909091,NA,60,65,NA,80,61.3333333333333,"Public","Male"
100,90.9090909090909,NA,NA,65,100,100,90.3225806451613,"Public","Female"
63.3333333333333,52.7272727272727,NA,NA,60,50,60,59.3548387096774,"Public","Female"
71.6666666666667,74.5454545454545,NA,NA,70,40,60,70.625,"Public","Female"
65,43.6363636363636,NA,NA,73.3333333333333,20,60,55.8620689655172,"Public","Female"
78.3333333333333,85.4545454545455,NA,60,65,80,80,77.4193548387097,"Public","Female"
58.3333333333333,70.9090909090909,NA,NA,60,40,60,62.7586206896552,"Public","Female"
70,69.0909090909091,NA,NA,73.3333333333333,80,60,70,"Public","Male"
48.3333333333333,40,NA,60,60,20,80,46.8965517241379,"Public","Female"
36.6666666666667,38.1818181818182,NA,NA,73.3333333333333,40,20,42.7586206896552,"Public","Female"
45,80,NA,NA,70,20,60,62,"Public","Female"
23.3333333333333,20,NA,NA,30,30,60,26.6666666666667,"Public","Female"
91.6666666666667,96.3636363636364,NA,NA,60,60,60,84.2424242424242,"Public","Male"
48.3333333333333,50.9090909090909,NA,NA,65,50,60,53.125,"Public","Female"
60,74.5454545454545,NA,NA,70,60,80,67.741935483871,"Public","Female"
76.6666666666667,76.3636363636364,NA,NA,65,NA,80,74,"Private","Male"
93.3333333333333,78.1818181818182,NA,NA,80,60,60,82,"Public","Male"
38.3333333333333,40,NA,NA,45,NA,80,41.3793103448276,"Public","Male"
28.3333333333333,47.2727272727273,NA,60,60,20,60,42,"Public","Female"
95,90.9090909090909,NA,NA,70,50,80,85.8064516129032,"Public","Female"
100,87.2727272727273,NA,NA,60,70,80,86.6666666666667,"Public","Female"
23.3333333333333,27.2727272727273,NA,NA,55,100,100,35.4838709677419,"Public","Male"
60,58.1818181818182,NA,NA,53.3333333333333,60,60,57.3333333333333,"Public","Female"
78.3333333333333,72.7272727272727,NA,NA,80,50,80,74.4827586206897,"Public","Female"
80,80,NA,60,50,20,60,71.875,"Public","Female"
76.6666666666667,80,NA,60,64,50,60,73.125,"Public","Female"
63.3333333333333,63.6363636363636,NA,NA,60,60,40,61.9354838709677,"Public","Male"
80,80,NA,NA,65,20,80,74,"Private","Female"
100,74.5454545454545,NA,NA,65,80,60,82.6666666666667,"Private","Male"
45,60,NA,NA,68,40,80,56.3636363636364,"Public","Female"
81.6666666666667,72.7272727272727,NA,NA,60,40,80,72.5,"Public","Female"
30,96.3636363636364,NA,NA,80,NA,40,62.7586206896552,"Public","Female"
56.6666666666667,32.7272727272727,NA,60,70,20,40,49.0322580645161,"Public","Female"
20,60,NA,NA,20,20,60,36.25,"Public","Female"
63.3333333333333,40,NA,60,73.3333333333333,40,60,54.4827586206897,"Public","Female"
60,60,NA,NA,65,50,80,60.6666666666667,"Public","Female"
75,81.8181818181818,NA,NA,65,NA,60,75.3333333333333,"Public","Male"
45,43.6363636363636,NA,NA,50,80,60,48,"Public","Female"
33.3333333333333,20,NA,NA,45,30,80,32.258064516129,"Public","Male"
70,78.1818181818182,NA,NA,70,53.3333333333333,80,71.6129032258064,"Public","Female"
78.3333333333333,83.6363636363636,NA,NA,65,NA,80,77.9310344827586,"Public","Male"
71.6666666666667,69.0909090909091,NA,NA,46.6666666666667,40,60,66.8965517241379,"Public","Female"
56.6666666666667,41.8181818181818,NA,NA,40,40,80,49.3333333333333,"Public","Female"
71.6666666666667,61.8181818181818,NA,NA,70,80,80,68.6666666666667,"Public","Female"
83.3333333333333,72.7272727272727,NA,60,66.6666666666667,30,60,71.6129032258064,"Public","Female"
50,52.7272727272727,NA,NA,50,40,40,50.7142857142857,"Public","Female"
93.3333333333333,96.3636363636364,NA,60,60,100,60,87.0967741935484,"Public","Male"
76.6666666666667,78.1818181818182,NA,60,65,70,60,72.7272727272727,"Public","Female"
80,100,NA,60,73.3333333333333,50,100,83.8709677419355,"Public","Female"
63.3333333333333,54.5454545454545,NA,60,46.6666666666667,NA,80,59.3103448275862,"Public","Female"
40,36.3636363636364,NA,NA,73.3333333333333,20,60,44.6666666666667,"Public","Female"
60,60,NA,NA,65,40,60,60,"Public","Female"
55,60,NA,60,53.3333333333333,40,60,56.25,"Public","Female"
73.3333333333333,80,NA,NA,53.3333333333333,NA,80,73.1034482758621,"Public","Male"
95,74.5454545454545,NA,60,66.6666666666667,60,60,79.3333333333333,"Public","Female"
66.6666666666667,78.1818181818182,NA,NA,70,40,80,71.0344827586207,"Public","Male"
41.6666666666667,36.3636363636364,NA,NA,40,20,60,39.2592592592593,"Public","Female"
78.3333333333333,76.3636363636364,NA,NA,60,60,80,73.5483870967742,"Public","Female"
45,47.2727272727273,NA,NA,50,53.3333333333333,40,46.6666666666667,"Public","Female"
60,38.1818181818182,NA,NA,53.3333333333333,60,20,50.6666666666667,"Public","Female"
60,60,NA,NA,64,20,40,58.7096774193548,"Private","Male"
60,58.1818181818182,NA,NA,53.3333333333333,46.6666666666667,60,56.875,"Public","Male"
20,20,NA,NA,46.6666666666667,40,40,26.2068965517241,"Public","Female"
66.6666666666667,61.8181818181818,NA,NA,65,30,60,61.9354838709677,"Public","Female"
60,90.9090909090909,NA,NA,20,60,60,68.9655172413793,"Public","Male"
58.3333333333333,80,20,NA,64,60,80,65,"Public","Female"
63.3333333333333,52.7272727272727,NA,NA,60,40,80,59.3333333333333,"Public","Female"
48.3333333333333,60,NA,NA,68,20,80,56.7741935483871,"Public","Female"
70,83.6363636363636,NA,NA,66.6666666666667,60,80,73.7931034482759,"Public","Female"
91.6666666666667,100,NA,NA,60,NA,100,88.9655172413793,"Public","Female"
70,65.4545454545455,NA,NA,60,40,40,63.2258064516129,"Public","Male"
63.3333333333333,52.7272727272727,NA,NA,45,40,40,55.1724137931035,"Public","Female"
40,56.3636363636364,NA,60,64,60,80,52.7272727272727,"Public","Female"
76.6666666666667,76.3636363636364,40,NA,40,20,60,67.3333333333333,"Public","Male"
35,20,20,NA,25,20,20,26.6666666666667,"Public","Male"
40,25.4545454545455,40,60,55,20,60,37.5757575757576,"Private","Male"
40,47.2727272727273,NA,60,80,40,80,51.25,"Public","Male"
75,81.8181818181818,NA,60,60,50,80,72.7272727272727,"Public","Female"
73.3333333333333,61.8181818181818,NA,NA,65,60,60,66.4516129032258,"Public","Female"
58.3333333333333,61.8181818181818,NA,NA,72,60,60,61.2903225806452,"Public","Female"
58.3333333333333,60,NA,60,60,50,60,60,"Public","Male"
41.6666666666667,56.3636363636364,NA,NA,50,30,60,47.741935483871,"Public","Female"
80,74.5454545454545,NA,60,55,NA,60,72.6666666666667,"Public","Male"
51.6666666666667,43.6363636363636,NA,NA,66.6666666666667,50,60,50.3448275862069,"Public","Female"
53.3333333333333,90.9090909090909,NA,NA,46.6666666666667,20,100,66.8965517241379,"Public","Female"
40,29.0909090909091,20,60,60,20,60,40,"Public","Female"
56.6666666666667,56.3636363636364,40,NA,66.6666666666667,40,60,56.551724137931,"Public","Female"
93.3333333333333,87.2727272727273,NA,NA,53.3333333333333,70,80,81.9354838709677,"Private","Male"
76.6666666666667,30.9090909090909,NA,NA,70,80,80,58.6206896551724,"Public","Male"
20,20,NA,NA,80,80,80,32.4137931034483,"Public","Female"
60,36.3636363636364,NA,NA,53.3333333333333,NA,60,50.3448275862069,"Public","Female"
50,50.9090909090909,NA,60,48,40,60,49.6969696969697,"Public","Male"
48.3333333333333,38.1818181818182,NA,NA,60,40,80,45.5172413793103,"Public","Female"
81.6666666666667,78.1818181818182,NA,NA,70,50,60,76,"Public","Male"
45,43.6363636363636,NA,NA,50,40,60,44.6666666666667,"Public","Female"
60,60,40,NA,50,NA,60,57.9310344827586,"Public","Male"
45,41.8181818181818,NA,NA,66.6666666666667,20,60,46.2068965517241,"Public","Female"
68.3333333333333,78.1818181818182,NA,NA,60,80,60,71.3333333333333,"Public","Male"
80,72.7272727272727,NA,NA,73.3333333333333,NA,80,75.7142857142857,"Public","Male"
83.3333333333333,81.8181818181818,NA,NA,60,50,80,76.7741935483871,"Public","Female"
76.6666666666667,83.6363636363636,NA,60,66.6666666666667,20,60,75.1724137931035,"Public","Female"
65,70.9090909090909,40,NA,46.6666666666667,60,80,64.6666666666667,"Public","Female"
48.3333333333333,63.6363636363636,NA,60,75,50,60,57.5,"Public","Male"
38.3333333333333,50.9090909090909,NA,NA,60,40,80,48.3870967741936,"Public","Male"
60,80,NA,NA,60,60,60,66.6666666666667,"Public","Female"
58.3333333333333,69.0909090909091,NA,NA,50,60,60,60.6666666666667,"Public","Female"
53.3333333333333,58.1818181818182,NA,NA,60,30,60,54,"Public","Female"
66.6666666666667,67.2727272727273,NA,60,53.3333333333333,40,60,64,"Public","Male"
40,34.5454545454545,20,NA,66.6666666666667,40,80,41.9354838709677,"Public","Female"
60,60,NA,60,73.3333333333333,50,60,61.9354838709677,"Public","Female"
55,56.3636363636364,40,NA,53.3333333333333,60,60,54.6666666666667,"Public","Female"
66.6666666666667,80,NA,NA,40,70,100,71.3333333333333,"Public","Female"
60,69.0909090909091,NA,NA,60,NA,60,64.2857142857143,"Public","Female"
80,87.2727272727273,NA,NA,65,40,80,78,"Public","Male"
60,70.9090909090909,NA,60,60,NA,60,64,"Public","Female"
65,70.9090909090909,40,60,68,60,60,65.2941176470588,"Public","Female"
36.6666666666667,32.7272727272727,NA,60,70,40,80,42,"Public","Female"
55,70.9090909090909,NA,NA,60,33.3333333333333,60,59.3333333333333,"Public","Female"
76.6666666666667,80,NA,NA,60,40,60,73.1034482758621,"Public","Female"
20,20,20,NA,20,20,20,20,"Public","Male"
35,58.1818181818182,NA,NA,53.3333333333333,40,80,47.3333333333333,"Public","Female"
66.6666666666667,49.0909090909091,NA,NA,46.6666666666667,80,60,58,"Private","Male"
66.6666666666667,61.8181818181818,NA,NA,60,80,80,63.75,"Public","Female"
45,65.4545454545455,NA,60,50,60,60,54.375,"Public","Female"
50,67.2727272727273,NA,60,53.3333333333333,60,60,57.3333333333333,"Public","Female"
73.3333333333333,65.4545454545455,NA,60,60,60,60,67.5862068965517,"Public","Male"
40,49.0909090909091,40,NA,66.6666666666667,NA,80,47.5862068965517,"Public","Female"
50,50.9090909090909,NA,60,70,40,40,53.125,"Public","Female"
31.6666666666667,30.9090909090909,NA,60,66.6666666666667,60,100,40,"Public","Female"
63.3333333333333,69.0909090909091,NA,NA,65,80,60,66.4516129032258,"Public","Female"
80,80,NA,NA,46.6666666666667,NA,60,75,"Public","Female"
61.6666666666667,61.8181818181818,NA,60,70,NA,60,62.7586206896552,"Public","Female"
35,20,20,NA,60,20,100,36.875,"Public","Female"
71.6666666666667,69.0909090909091,NA,NA,46.6666666666667,40,80,67.3333333333333,"Private","Female"
63.3333333333333,72.7272727272727,NA,NA,55,60,60,63.8709677419355,"Public","Female"
60,80,NA,NA,46.6666666666667,40,60,64.8275862068965,"Public","Female"
63.3333333333333,74.5454545454545,NA,NA,60,40,80,65,"Public","Male"
58.3333333333333,47.2727272727273,NA,NA,60,40,60,55.1515151515152,"Public","Male"
36.6666666666667,43.6363636363636,NA,NA,72,40,40,45.8064516129032,"Public","Male"
55,85.4545454545455,40,NA,60,40,60,66,"Public","Female"
50,63.6363636363636,NA,NA,40,40,60,55,"Public","Female"
55,60,NA,NA,60,NA,80,58,"Public","Female"
76.6666666666667,78.1818181818182,NA,NA,55,80,100,75.3333333333333,"Public","Female"
88.3333333333333,89.0909090909091,NA,NA,53.3333333333333,40,60,81.3793103448276,"Public","Female"
85,67.2727272727273,NA,60,45,40,60,68.75,"Public","Male"
61.6666666666667,70.9090909090909,NA,NA,40,40,80,64,"Public","Female"
30,40,NA,NA,50,46.6666666666667,100,40.625,"Public","Female"
61.6666666666667,63.6363636363636,NA,60,53.3333333333333,40,60,60.6451612903226,"Public","Female"
96.6666666666667,100,NA,NA,50,100,100,89.6774193548387,"Public","Female"
78.3333333333333,76.3636363636364,NA,60,56,80,60,72.5,"Public","Female"
76.6666666666667,72.7272727272727,NA,60,45,30,60,66.875,"Public","Female"
58.3333333333333,60,NA,NA,45,53.3333333333333,80,57.4193548387097,"Public","Female"
66.6666666666667,63.6363636363636,NA,NA,53.3333333333333,70,60,62.6666666666667,"Public","Female"
31.6666666666667,49.0909090909091,NA,60,70,80,80,47.5862068965517,"Public","Female"
30,25.4545454545455,40,NA,40,50,40,34.375,"Public","Female"
36.6666666666667,85.4545454545455,NA,NA,72,40,80,61.9354838709677,"Public","Female"
50,60,NA,60,60,80,80,57.4193548387097,"Public","Female"
53.3333333333333,52.7272727272727,NA,60,66.6666666666667,80,60,57.5,"Public","Female"
55,60,NA,NA,60,40,60,57.3333333333333,"Public","Female"
100,100,NA,NA,68,53.3333333333333,80,90,"Public","Female"
55,56.3636363636364,NA,NA,60,40,80,55.4838709677419,"Public","Female"
58.3333333333333,45.4545454545455,NA,NA,60,40,60,52.6666666666667,"Public","Female"
80,65.4545454545455,NA,NA,56,NA,60,70.6666666666667,"Public","Female"
73.3333333333333,52.7272727272727,NA,60,55,NA,60,62.5806451612903,"Public","Female"
46.6666666666667,56.3636363636364,NA,NA,60,60,60,53.1034482758621,"Public","Female"
70,58.1818181818182,NA,NA,45,50,80,61.3333333333333,"Public","Female"
71.6666666666667,60,40,NA,50,33.3333333333333,60,60.6451612903226,"Public","Female"
78.3333333333333,70.9090909090909,NA,60,60,60,40,70.6666666666667,"Public","Female"
71.6666666666667,70.9090909090909,NA,NA,65,NA,80,71.3333333333333,"Public","Female"
81.6666666666667,100,NA,NA,60,80,80,84.5161290322581,"Public","Female"
50,60,NA,NA,80,33.3333333333333,60,53.3333333333333,"Public","Female"
68.3333333333333,60,NA,NA,80,70,40,66,"Public","Female"
60,61.8181818181818,NA,60,60,30,60,58.6666666666667,"Public","Female"
50,74.5454545454545,NA,NA,66.6666666666667,40,60,62.0689655172414,"Public","Male"
75,85.4545454545455,NA,NA,56,60,100,75,"Public","Female"
58.3333333333333,47.2727272727273,NA,NA,65,20,80,53.5483870967742,"Public","Female"
70,49.0909090909091,NA,NA,68,20,60,60.625,"Public","Male"
46.6666666666667,43.6363636363636,NA,NA,66.6666666666667,20,60,47.1428571428571,"Public","Female"
73.3333333333333,80,NA,NA,55,30,80,70.6666666666667,"Public","Female"
76.6666666666667,61.8181818181818,NA,NA,60,60,60,67.5862068965517,"Public","Female"
51.6666666666667,38.1818181818182,40,60,64,30,80,48.2352941176471,"Public","Female"
21.6666666666667,23.6363636363636,NA,NA,60,70,60,32.258064516129,"Public","Female"
51.6666666666667,61.8181818181818,NA,NA,60,30,60,55.3333333333333,"Public","Female"
70,83.6363636363636,NA,60,76,40,80,73.75,"Public","Female"
56.6666666666667,70.9090909090909,NA,60,60,20,60,60.6451612903226,"Public","Female"
33.3333333333333,20,NA,NA,65,20,80,34,"Public","Female"
30,27.2727272727273,NA,60,50,20,20,33.3333333333333,"Public","Female"
53.3333333333333,74.5454545454545,NA,NA,68,NA,80,63.8709677419355,"Public","Male"
48.3333333333333,76.3636363636364,NA,60,60,20,60,59.3333333333333,"Public","Female"
66.6666666666667,83.6363636363636,NA,NA,60,NA,100,73.1034482758621,"Public","Female"
66.6666666666667,70.9090909090909,40,NA,72,70,80,67.8787878787879,"Public","Female"
90,90.9090909090909,NA,NA,60,53.3333333333333,80,81.2121212121212,"Public","Female"
56.6666666666667,58.1818181818182,NA,NA,64,40,60,57.5,"Public","Female"
75,76.3636363636364,NA,NA,60,53.3333333333333,60,70.625,"Public","Female"
68.3333333333333,69.0909090909091,NA,NA,60,50,40,65.3333333333333,"Public","Male"
76.6666666666667,87.2727272727273,NA,60,65,60,80,78,"Public","Female"
85,100,NA,60,60,50,80,81.8181818181818,"Public","Female"
56.6666666666667,52.7272727272727,NA,NA,50,50,60,54,"Public","Female"
66.6666666666667,60,40,60,20,20,60,57.3333333333333,"Public","Female"
63.3333333333333,78.1818181818182,NA,NA,66.6666666666667,50,60,68,"Public","Female"
85,81.8181818181818,NA,NA,70,NA,80,79.3333333333333,"Public","Female"
83.3333333333333,85.4545454545455,NA,NA,65,80,60,80,"Public","Female"
65,20,NA,60,65,50,60,49.375,"Public","Female"
45,56.3636363636364,NA,NA,75,30,60,52.9032258064516,"Public","Female"
61.6666666666667,76.3636363636364,NA,NA,50,NA,60,64.8275862068965,"Public","Female"
63.3333333333333,58.1818181818182,NA,NA,72,80,60,62.5806451612903,"Private","Male"
76.6666666666667,80,NA,NA,65,50,40,71.6129032258064,"Private","Male"
51.6666666666667,60,NA,NA,60,60,60,56,"Private","Female"
50,40,NA,NA,50,33.3333333333333,60,45,"Private","Male"
86.6666666666667,74.5454545454545,NA,NA,60,80,80,76.6666666666667,"Private","Male"
100,81.8181818181818,NA,60,72,NA,80,85.1612903225806,"Private","Male"
70,65.4545454545455,NA,NA,55,60,40,65.8064516129032,"Public","Female"
76.6666666666667,78.1818181818182,NA,60,65,80,80,72.5,"Private","Female"
36.6666666666667,40,NA,NA,66.6666666666667,70,100,45.3333333333333,"Public","Female"
88.3333333333333,94.5454545454545,NA,60,52,100,80,82.5,"Private","Male"
66.6666666666667,60,NA,NA,60,30,20,58.7096774193548,"Private","Male"
55,60,NA,NA,60,60,80,58.0645161290323,"Private","Female"
76.6666666666667,78.1818181818182,NA,NA,60,60,60,70.9677419354839,"Private","Female"
48.3333333333333,47.2727272727273,NA,NA,60,40,80,49.2857142857143,"Public","Female"
66.6666666666667,69.0909090909091,NA,NA,60,50,80,65.3333333333333,"Public","Female"
98.3333333333333,100,NA,NA,75,80,60,90.9677419354839,"Private","Male"
88.3333333333333,78.1818181818182,NA,NA,75,80,100,82,"Public","Female"
53.3333333333333,52.7272727272727,NA,NA,50,40,40,50.6666666666667,"Public","Female"
35,61.8181818181818,40,60,73.3333333333333,20,60,50.625,"Public","Female"
65,76.3636363636364,NA,60,80,80,60,71.0344827586207,"Public","Female"
83.3333333333333,83.6363636363636,NA,NA,45,53.3333333333333,80,73.9393939393939,"Private","Female"
41.6666666666667,21.8181818181818,NA,60,55,NA,80,39.3548387096774,"Public","Female"
80,80,NA,NA,70,80,80,76.7741935483871,"Private","Female"
80,80,NA,NA,60,80,60,74.8387096774193,"Private","Female"
60,60,NA,NA,20,20,20,51.25,"Public","Male"
36.6666666666667,38.1818181818182,NA,NA,70,40,40,42.6666666666667,"Public","Female"
55,69.0909090909091,NA,NA,50,50,60,58.7096774193548,"Private","Female"
96.6666666666667,94.5454545454545,NA,60,75,NA,80,87.741935483871,"Private","Male"
71.6666666666667,80,NA,60,65,20,60,71.3333333333333,"Public","Female"
86.6666666666667,76.3636363636364,NA,NA,46.6666666666667,60,80,76.1290322580645,"Private","Male"
58.3333333333333,61.8181818181818,NA,NA,70,70,80,61.9354838709677,"Public","Female"
51.6666666666667,80,NA,NA,60,80,60,65.5172413793103,"Public","Female"
60,60,NA,NA,60,40,60,59.3939393939394,"Public","Male"
68.3333333333333,72.7272727272727,NA,NA,45,50,80,66.25,"Public","Male"
80,87.2727272727273,NA,NA,53.3333333333333,50,80,76.6666666666667,"Public","Female"
35,50.9090909090909,40,NA,80,40,60,46.6666666666667,"Public","Male"
56.6666666666667,70.9090909090909,NA,NA,60,NA,80,63.3333333333333,"Public","Female"
78.3333333333333,76.3636363636364,NA,60,60,80,80,73.3333333333333,"Public","Female"
68.3333333333333,49.0909090909091,NA,NA,80,30,60,58.7096774193548,"Public","Male"
50,60,40,60,60,60,60,56.1290322580645,"Public","Female"
66.6666666666667,69.0909090909091,NA,60,60,70,60,66.0606060606061,"Public","Female"
75,92.7272727272727,NA,60,65,80,80,78.7096774193548,"Private","Female"
73.3333333333333,87.2727272727273,NA,60,60,80,60,76.6666666666667,"Private","Female"
63.3333333333333,65.4545454545455,NA,NA,60,NA,80,65.5172413793103,"Private","Female"
53.3333333333333,50.9090909090909,NA,NA,72,40,80,56.875,"Public","Female"
66.6666666666667,83.6363636363636,NA,60,56,NA,100,70.9677419354839,"Private","Female"
20,27.2727272727273,40,NA,60,20,100,29.6551724137931,"Public","Male"
21.6666666666667,20,40,NA,20,20,20,23.3333333333333,"Private","Male"
65,72.7272727272727,NA,60,55,40,60,63.75,"Public","Female"
75,81.8181818181818,NA,60,70,70,60,73.9393939393939,"Private","Female"
51.6666666666667,49.0909090909091,NA,NA,55,20,60,51.3333333333333,"Public","Female"
65,69.0909090909091,NA,NA,53.3333333333333,40,60,63.3333333333333,"Private","Female"
53.3333333333333,58.1818181818182,NA,NA,60,50,60,55.625,"Public","Female"
30,30.9090909090909,NA,NA,55,40,80,36.7741935483871,"Public","Female"
68.3333333333333,47.2727272727273,NA,60,46.6666666666667,60,60,57.4193548387097,"Public","Female"
46.6666666666667,45.4545454545455,NA,NA,73.3333333333333,NA,60,51.0344827586207,"Public","Female"
75,63.6363636363636,NA,NA,64,70,60,69.0909090909091,"Public","Female"
80,96.3636363636364,NA,NA,70,80,100,82.5806451612903,"Private","Male"
91.6666666666667,80,NA,NA,70,20,80,80.6666666666667,"Public","Male"
93.3333333333333,92.7272727272727,NA,NA,55,60,100,86,"Public","Male"
78.3333333333333,90.9090909090909,NA,NA,55,70,40,77.4193548387097,"Public","Female"
83.3333333333333,78.1818181818182,NA,NA,75,20,60,76.6666666666667,"Public","Female"
86.6666666666667,69.0909090909091,NA,NA,55,30,80,70.9677419354839,"Public","Female"
90,90.9090909090909,NA,NA,70,50,80,85.1612903225806,"Public","Female"
55,52.7272727272727,NA,NA,50,20,100,55.4838709677419,"Public","Male"
60,60,NA,NA,45,NA,60,57.2413793103448,"Private","Male"
100,80,NA,NA,65,60,100,85.8064516129032,"Public","Female"
51.6666666666667,78.1818181818182,NA,NA,70,60,80,65.3333333333333,"Public","Male"
88.3333333333333,69.0909090909091,NA,NA,70,53.3333333333333,60,72.1212121212121,"Public","Female"
63.3333333333333,70.9090909090909,NA,60,70,NA,60,66.4516129032258,"Public","Male"
53.3333333333333,67.2727272727273,NA,NA,60,60,60,60,"Public","Female"
83.3333333333333,80,NA,NA,73.3333333333333,NA,80,79.2857142857143,"Public","Male"
51.6666666666667,43.6363636363636,40,NA,70,NA,60,52.6666666666667,"Public","Female"
63.3333333333333,76.3636363636364,NA,60,70,40,60,68,"Public","Male"
46.6666666666667,58.1818181818182,NA,NA,66.6666666666667,60,80,54.8387096774194,"Private","Male"
46.6666666666667,70.9090909090909,NA,NA,55,NA,80,58.6206896551724,"Public","Female"
55,65.4545454545455,NA,NA,65,20,80,59.3333333333333,"Private","Male"
53.3333333333333,80,NA,60,53.3333333333333,60,60,64.6666666666667,"Public","Female"
65,70.9090909090909,NA,60,80,80,80,68.125,"Public","Male"
38.3333333333333,40,40,NA,53.3333333333333,NA,40,41.3793103448276,"Public","Female"
43.3333333333333,30.9090909090909,NA,NA,55,60,80,43.8709677419355,"Public","Female"
40,60,NA,NA,65,NA,80,53.1034482758621,"Public","Male"
48.3333333333333,70.9090909090909,NA,NA,55,NA,60,60,"Public","Female"
56.6666666666667,60,40,NA,65,80,100,60.625,"Public","Female"
70,80,NA,NA,70,100,80,76,"Public","Female"
68.3333333333333,60,40,NA,70,20,60,60.625,"Public","Female"
76.6666666666667,58.1818181818182,NA,NA,53.3333333333333,40,60,65,"Public","Female"
43.3333333333333,65.4545454545455,NA,NA,66.6666666666667,40,20,52.4137931034483,"Public","Female"
33.3333333333333,50.9090909090909,20,60,50,20,60,41.3333333333333,"Public","Male"
45,67.2727272727273,NA,60,66.6666666666667,20,20,55.3333333333333,"Public","Female"
33.3333333333333,23.6363636363636,NA,NA,53.3333333333333,50,60,34.1935483870968,"Public","Female"
83.3333333333333,87.2727272727273,NA,NA,52,20,80,76.7741935483871,"Public","Female"
48.3333333333333,76.3636363636364,40,NA,40,70,80,58.75,"Public","Female"
38.3333333333333,58.1818181818182,NA,NA,65,60,60,52.258064516129,"Private","Male"
68.3333333333333,69.0909090909091,NA,60,60,NA,60,66.6666666666667,"Public","Female"
60,50.9090909090909,NA,60,66.6666666666667,40,80,56.6666666666667,"Public","Female"
71.6666666666667,78.1818181818182,NA,60,55,20,60,68.75,"Public","Female"
78.3333333333333,81.8181818181818,NA,NA,55,40,80,74.6666666666667,"Private","Male"
75,54.5454545454545,NA,NA,46.6666666666667,20,60,60.6451612903226,"Public","Male"
76.6666666666667,63.6363636363636,NA,NA,66.6666666666667,30,60,66,"Public","Female"
75,67.2727272727273,NA,NA,64,40,80,67.5,"Public","Female"
60,67.2727272727273,NA,NA,40,40,100,62.7586206896552,"Public","Female"
73.3333333333333,76.3636363636364,NA,NA,65,50,80,72,"Public","Female"
33.3333333333333,80,20,NA,75,70,100,58.75,"Public","Male"
55,60,NA,NA,65,50,60,58.75,"Public","Male"
80,83.6363636363636,NA,NA,65,60,60,78,"Public","Female"
48.3333333333333,78.1818181818182,NA,60,55,50,80,61.2903225806452,"Public","Female"
78.3333333333333,65.4545454545455,NA,NA,60,80,60,70.6666666666667,"Public","Female"
53.3333333333333,47.2727272727273,NA,60,50,30,60,51.3333333333333,"Public","Male"
86.6666666666667,89.0909090909091,NA,NA,75,80,80,82.5806451612903,"Public","Female"
38.3333333333333,34.5454545454545,NA,NA,70,NA,20,40,"Private","Female"
80,80,40,NA,60,80,80,75.4838709677419,"Public","Female"
48.3333333333333,56.3636363636364,NA,NA,55,NA,60,54.4827586206897,"Public","Female"
90,92.7272727272727,NA,NA,60,60,100,85.3333333333333,"Public","Male"
100,100,NA,NA,60,80,100,90.3225806451613,"Private","Male"
60,78.1818181818182,NA,NA,52,NA,60,64.5161290322581,"Public","Female"
51.6666666666667,74.5454545454545,NA,NA,60,40,80,61.2903225806452,"Public","Female"
41.6666666666667,43.6363636363636,NA,60,70,NA,60,48,"Public","Male"
48.3333333333333,45.4545454545455,NA,NA,64,40,60,50.9090909090909,"Private","Male"
71.6666666666667,76.3636363636364,NA,60,66.6666666666667,NA,80,72.4137931034483,"Public","Female"
45,34.5454545454545,40,NA,40,NA,40,41.3333333333333,"Public","Female"
63.3333333333333,80,NA,NA,55,30,100,67.3333333333333,"Public","Male"
36.6666666666667,34.5454545454545,NA,NA,65,60,60,43.8709677419355,"Public","Female"
90,80,NA,60,60,80,60,78.7096774193548,"Public","Male"
75,80,40,NA,40,NA,60,69.6551724137931,"Public","Male"
76.6666666666667,56.3636363636364,NA,NA,33.3333333333333,80,60,63.8709677419355,"Public","Female"
56.6666666666667,90.9090909090909,NA,60,60,80,80,71.875,"Public","Female"
66.6666666666667,76.3636363636364,NA,60,64,NA,80,70.9677419354839,"Public","Female"
73.3333333333333,54.5454545454545,NA,60,46.6666666666667,60,40,62.5806451612903,"Public","Female"
55,60,NA,NA,65,33.3333333333333,80,56.7741935483871,"Public","Male"
75,67.2727272727273,NA,NA,60,20,60,66.4516129032258,"Public","Female"
66.6666666666667,76.3636363636364,NA,60,68,60,60,69.6774193548387,"Public","Female"
70,80,NA,NA,64,80,60,72.9032258064516,"Public","Female"
65,61.8181818181818,NA,NA,80,20,80,64.6666666666667,"Public","Female"
53.3333333333333,65.4545454545455,NA,NA,55,NA,60,60,"Public","Female"
83.3333333333333,54.5454545454545,NA,NA,68,50,80,68.125,"Public","Male"
68.3333333333333,67.2727272727273,NA,60,60,40,60,65.1612903225807,"Public","Male"
80,72.7272727272727,NA,60,60,100,60,73.5483870967742,"Public","Female"
100,100,NA,NA,72,20,80,92,"Public","Male"
68.3333333333333,69.0909090909091,NA,60,50,40,80,66.25,"Public","Female"
58.3333333333333,38.1818181818182,NA,NA,60,20,40,48.3870967741936,"Public","Male"
66.6666666666667,69.0909090909091,NA,60,60,80,80,66.0606060606061,"Private","Female"
95,98.1818181818182,NA,NA,65,50,80,88.6666666666667,"Public","Male"
50,89.0909090909091,NA,NA,70,40,60,66.4516129032258,"Private","Male"
45,61.8181818181818,NA,60,70,40,80,55.4838709677419,"Public","Male"
95,100,NA,NA,30,60,80,88.2758620689655,"Private","Female"
36.6666666666667,58.1818181818182,NA,60,25,50,20,43.8709677419355,"Public","Male"
60,60,NA,60,60,60,60,61.2903225806452,"Public","Male"
98.3333333333333,100,NA,NA,73.3333333333333,100,100,93.3333333333333,"Private","Male"
90,94.5454545454545,NA,NA,68,60,60,83.75,"Private","Male"
61.6666666666667,58.1818181818182,NA,NA,60,40,60,58.6666666666667,"Public","Female"
58.3333333333333,65.4545454545455,NA,60,60,60,80,61.9354838709677,"Public","Male"
40,41.8181818181818,NA,NA,70,40,20,43.8709677419355,"Public","Male"
76.6666666666667,76.3636363636364,40,60,55,NA,60,72.258064516129,"Public","Female"
41.6666666666667,30.9090909090909,NA,NA,53.3333333333333,40,60,40,"Public","Female"
98.3333333333333,94.5454545454545,NA,60,53.3333333333333,60,60,86.4516129032258,"Public","Male"
71.6666666666667,81.8181818181818,NA,60,70,NA,40,72.6666666666667,"Public","Male"
80,78.1818181818182,NA,NA,65,100,100,78,"Public","Male"
80,74.5454545454545,NA,NA,60,40,80,72.7272727272727,"Public","Female"
58.3333333333333,60,NA,NA,64,80,60,60,"Private","Male"
55,60,NA,NA,70,60,80,60,"Public","Female"
41.6666666666667,60,NA,NA,60,60,60,51.0344827586207,"Public","Male"
35,29.0909090909091,40,60,50,40,80,37.5,"Public","Male"
80,80,20,NA,55,NA,60,74,"Public","Female"
60,60,NA,NA,40,70,80,61.3333333333333,"Private","Female"
73.3333333333333,67.2727272727273,NA,NA,60,40,60,64.375,"Public","Male"
81.6666666666667,76.3636363636364,NA,NA,65,NA,60,75.8620689655172,"Public","Female"
60,78.1818181818182,NA,60,60,40,60,65,"Private","Female"
45,83.6363636363636,NA,NA,65,40,60,60,"Public","Female"
53.3333333333333,61.8181818181818,NA,NA,33.3333333333333,40,60,54.2857142857143,"Public","Male"
56.6666666666667,60,NA,60,64,50,60,59.4117647058824,"Public","Female"
53.3333333333333,80,NA,60,55,40,60,62.3529411764706,"Public","Male"
35,43.6363636363636,40,NA,65,20,80,43.3333333333333,"Public","Male"
78.3333333333333,81.8181818181818,NA,NA,60,40,80,75.3333333333333,"Public","Male"
68.3333333333333,65.4545454545455,NA,NA,60,40,80,64.6666666666667,"Public","Female"
70,67.2727272727273,NA,60,46.6666666666667,NA,80,64.8275862068965,"Public","Female"
36.6666666666667,29.0909090909091,NA,NA,53.3333333333333,80,80,40,"Public","Male"
65,63.6363636363636,NA,NA,70,60,100,65.1612903225807,"Private","Male"
51.6666666666667,61.8181818181818,NA,NA,65,20,40,57.3333333333333,"Public","Female"
71.6666666666667,72.7272727272727,NA,60,65,40,80,69.375,"Public","Male"
53.3333333333333,65.4545454545455,NA,NA,60,40,80,58.6666666666667,"Public","Male"
75,63.6363636363636,NA,60,60,60,80,67.3333333333333,"Public","Male"
76.6666666666667,80,NA,NA,44,100,80,71.6129032258064,"Public","Female"
38.3333333333333,60,NA,60,40,40,40,47.5,"Public","Male"
61.6666666666667,65.4545454545455,NA,60,60,50,60,61.875,"Public","Male"
76.6666666666667,69.0909090909091,NA,60,70,80,60,72,"Public","Male"
85,63.6363636363636,NA,60,60,40,80,71.3333333333333,"Public","Male"
78.3333333333333,56.3636363636364,NA,NA,70,40,80,67.5862068965517,"Public","Female"
80,76.3636363636364,NA,NA,65,60,100,75.3333333333333,"Public","Male"
46.6666666666667,49.0909090909091,40,NA,70,50,60,50.625,"Private","Male"
68.3333333333333,58.1818181818182,NA,NA,70,50,80,64.5161290322581,"Public","Male"
71.6666666666667,83.6363636363636,NA,NA,60,NA,60,73.3333333333333,"Public","Female"
60,81.8181818181818,NA,NA,60,80,80,70.6666666666667,"Public","Female"
63.3333333333333,65.4545454545455,NA,NA,56,80,60,63.3333333333333,"Public","Male"
60,78.1818181818182,NA,NA,72,60,60,68.75,"Public","Male"
80,81.8181818181818,40,NA,70,NA,80,77.9310344827586,"Public","Male"
63.3333333333333,80,40,60,60,NA,60,67.741935483871,"Public","Female"
60,60,NA,NA,86.6666666666667,40,60,62.1428571428571,"Public","Female"
70,100,20,60,73.3333333333333,80,100,79.3548387096774,"Private","Male"
75,56.3636363636364,NA,NA,55,50,60,64.375,"Public","Female"
26.6666666666667,36.3636363636364,NA,NA,56,40,40,38.0645161290323,"Public","Male"
48.3333333333333,56.3636363636364,NA,NA,56,60,60,54.375,"Public","Male"
61.6666666666667,69.0909090909091,NA,NA,55,NA,80,63.448275862069,"Public","Male"
58.3333333333333,72.7272727272727,40,NA,60,NA,60,64.6666666666667,"Public","Female"
75,81.8181818181818,NA,NA,75,80,80,78.0645161290323,"Public","Female"
56.6666666666667,63.6363636363636,NA,60,65,40,60,58.75,"Public","Female"
66.6666666666667,74.5454545454545,NA,NA,64,20,80,67.741935483871,"Public","Male"
56.6666666666667,78.1818181818182,40,NA,50,50,60,63.6363636363636,"Public","Female"
76.6666666666667,89.0909090909091,NA,NA,55,80,100,80,"Public","Female"
91.6666666666667,69.0909090909091,NA,NA,60,80,60,74.8387096774193,"Public","Male"
53.3333333333333,27.2727272727273,NA,60,73.3333333333333,40,20,45,"Public","Male"
43.3333333333333,38.1818181818182,NA,NA,53.3333333333333,33.3333333333333,60,42,"Public","Male"
76.6666666666667,78.1818181818182,NA,NA,65,40,40,72,"Public","Female"
55,50.9090909090909,NA,NA,75,NA,20,56.6666666666667,"Public","Male"
63.3333333333333,70.9090909090909,NA,NA,56,60,60,63.2258064516129,"Public","Female"
41.6666666666667,47.2727272727273,NA,NA,26.6666666666667,20,20,40.6666666666667,"Public","Female"
80,80,40,60,64,NA,20,71.5151515151515,"Public","Female"
75,83.6363636363636,NA,NA,60,NA,60,75.1724137931035,"Public","Male"
68.3333333333333,76.3636363636364,NA,60,60,80,60,70.3448275862069,"Public","Female"
73.3333333333333,80,NA,60,70,50,60,72,"Private","Female"
30,27.2727272727273,NA,60,60,40,60,34.6666666666667,"Public","Female"
38.3333333333333,63.6363636363636,NA,60,66.6666666666667,40,80,52,"Public","Female"
70,76.3636363636364,NA,NA,60,20,60,68.9655172413793,"Private","Female"
71.6666666666667,100,NA,NA,65,60,60,80,"Public","Male"
70,78.1818181818182,NA,NA,65,40,60,69.6774193548387,"Public","Female"
75,78.1818181818182,NA,NA,40,20,60,71.0344827586207,"Public","Female"
66.6666666666667,63.6363636363636,NA,NA,56,40,80,62.5806451612903,"Public","Male"
43.3333333333333,36.3636363636364,NA,NA,70,80,60,47.0967741935484,"Public","Female"
83.3333333333333,67.2727272727273,NA,NA,72,50,80,73.9393939393939,"Public","Male"
61.6666666666667,76.3636363636364,NA,NA,20,20,60,62.962962962963,"Public","Male"
40,43.6363636363636,NA,NA,66.6666666666667,40,40,44.1379310344828,"Public","Female"
60,70.9090909090909,NA,NA,65,40,60,64.5161290322581,"Private","Female"
51.6666666666667,83.6363636363636,NA,NA,53.3333333333333,50,60,64.1379310344828,"Public","Male"
65,74.5454545454545,NA,60,60,40,60,65.625,"Public","Female"
85,90.9090909090909,NA,60,53.3333333333333,60,60,78.7096774193548,"Public","Female"
66.6666666666667,80,NA,NA,70,40,20,70,"Private","Male"
55,58.1818181818182,NA,NA,70,NA,60,57.9310344827586,"Public","Female"
73.3333333333333,76.3636363636364,NA,NA,68,70,80,73.5483870967742,"Public","Male"
86.6666666666667,81.8181818181818,NA,60,55,80,80,79.3548387096774,"Public","Female"
43.3333333333333,58.1818181818182,NA,NA,65,20,60,52,"Public","Male"
58.3333333333333,56.3636363636364,NA,NA,60,40,40,56,"Public","Female"
33.3333333333333,38.1818181818182,NA,NA,60,20,20,36.6666666666667,"Public","Male"
75,70.9090909090909,NA,NA,60,100,80,73.1034482758621,"Private","Female"
48.3333333333333,60,NA,NA,55,60,80,55.4838709677419,"Public","Male"
35,65.4545454545455,NA,60,70,50,80,52.5,"Public","Female"
80,80,NA,NA,52,80,80,73.125,"Private","Female"
53.3333333333333,52.7272727272727,20,NA,60,40,60,54,"Public","Female"
51.6666666666667,41.8181818181818,NA,NA,50,NA,60,47.8571428571429,"Public","Female"
71.6666666666667,50.9090909090909,40,NA,66.6666666666667,80,60,62,"Public","Male"
61.6666666666667,60,NA,60,64,NA,80,61.9354838709677,"Public","Female"
73.3333333333333,74.5454545454545,40,NA,75,50,80,71.25,"Public","Female"
66.6666666666667,63.6363636363636,NA,NA,66.6666666666667,40,60,64.1379310344828,"Public","Female"
36.6666666666667,74.5454545454545,NA,60,55,40,40,54.1935483870968,"Public","Female"
60,80,NA,60,65,40,60,66.4516129032258,"Public","Female"
41.6666666666667,63.6363636363636,NA,NA,68,60,100,56.875,"Public","Male"
66.6666666666667,67.2727272727273,NA,NA,60,40,80,63.8709677419355,"Public","Male"
63.3333333333333,72.7272727272727,NA,60,70,60,60,67.3333333333333,"Public","Female"
100,100,NA,NA,50,80,80,91.7241379310345,"Public","Male"
76.6666666666667,70.9090909090909,NA,NA,65,80,80,72,"Public","Female"
35,58.1818181818182,NA,NA,65,80,100,52.6666666666667,"Public","Male"
88.3333333333333,89.0909090909091,NA,NA,65,50,80,82.6666666666667,"Public","Female"
90,89.0909090909091,NA,NA,60,40,80,84.2857142857143,"Public","Male"
60,70.9090909090909,NA,NA,48,NA,80,64,"Public","Male"
75,61.8181818181818,NA,NA,60,40,60,65.3333333333333,"Public","Male"
60,49.0909090909091,NA,60,45,40,60,53.9393939393939,"Public","Female"
60,58.1818181818182,NA,NA,60,20,60,57.9310344827586,"Public","Female"
80,90.9090909090909,40,NA,68,70,100,80,"Public","Male"
60,60,NA,NA,66.6666666666667,40,100,60.6896551724138,"Public","Male"
80,100,NA,NA,55,70,80,83.2258064516129,"Public","Female"
75,78.1818181818182,NA,NA,60,60,60,74.6153846153846,"Public","Female"
65,58.1818181818182,NA,NA,80,40,60,61.875,"Public","Female"
86.6666666666667,98.1818181818182,NA,NA,55,20,80,82.6666666666667,"Public","Female"
53.3333333333333,63.6363636363636,NA,60,65,20,60,58.0645161290323,"Public","Female"
65,63.6363636363636,NA,60,68,80,80,66.6666666666667,"Public","Female"
66.6666666666667,81.8181818181818,NA,NA,64,50,100,70.625,"Public","Male"
100,90.9090909090909,NA,NA,93.3333333333333,60,80,91.3333333333333,"Public","Male"
73.3333333333333,80,NA,NA,60,70,80,74.375,"Public","Male"
70,60,NA,NA,64,50,40,63.125,"Public","Female"
66.6666666666667,60,NA,NA,66.6666666666667,40,60,62.0689655172414,"Public","Female"
25,69.0909090909091,NA,NA,55,50,60,49.6774193548387,"Public","Male"
75,100,NA,NA,72,40,100,83.3333333333333,"Public","Female"
46.6666666666667,81.8181818181818,NA,NA,60,20,40,60.7142857142857,"Public","Male"
76.6666666666667,76.3636363636364,NA,NA,64,20,80,72.6666666666667,"Public","Female"
60,78.1818181818182,NA,60,68,NA,80,69.6774193548387,"Public","Male"
71.6666666666667,70.9090909090909,NA,60,65,NA,80,71.3333333333333,"Public","Female"
55,56.3636363636364,NA,60,53.3333333333333,NA,40,55.3333333333333,"Public","Female"
95,90.9090909090909,NA,NA,55,40,100,84.5161290322581,"Public","Female"
63.3333333333333,56.3636363636364,NA,NA,46.6666666666667,60,60,58.6666666666667,"Public","Male"
41.6666666666667,20,NA,NA,70,20,80,39.3548387096774,"Public","Male"
73.3333333333333,69.0909090909091,NA,60,70,60,80,69.6774193548387,"Public","Male"
50,56.3636363636364,NA,60,60,60,60,56.1290322580645,"Public","Female"
40,78.1818181818182,NA,60,53.3333333333333,NA,80,58.6206896551724,"Public","Female"
46.6666666666667,38.1818181818182,20,NA,60,20,80,44.6666666666667,"Public","Female"
65,43.6363636363636,NA,NA,40,NA,80,54.6153846153846,"Public","Female"
45,36.3636363636364,NA,60,55,53.3333333333333,60,46.4705882352941,"Public","Male"
28.3333333333333,20,NA,NA,60,80,80,34.1935483870968,"Private","Male"
80,80,NA,NA,65,60,80,75.4838709677419,"Public","Female"
53.3333333333333,43.6363636363636,NA,NA,70,60,60,53.3333333333333,"Public","Female"
53.3333333333333,60,NA,60,75,NA,60,59.3103448275862,"Public","Male"
53.3333333333333,85.4545454545455,NA,NA,40,20,20,63.8461538461539,"Public","Female"
60,76.3636363636364,NA,NA,46.6666666666667,60,80,64.8275862068965,"Public","Male"
50,89.0909090909091,NA,NA,55,20,60,64.8275862068965,"Public","Male"
71.6666666666667,74.5454545454545,40,60,60,20,80,68.3870967741936,"Public","Female"
48.3333333333333,65.4545454545455,NA,NA,60,30,80,54.6666666666667,"Public","Female"
40,41.8181818181818,40,60,33.3333333333333,20,20,38.7096774193548,"Public","Female"
58.3333333333333,74.5454545454545,NA,NA,68,40,80,64.2424242424242,"Public","Female"
45,32.7272727272727,NA,NA,64,70,80,46.875,"Public","Female"
46.6666666666667,36.3636363636364,NA,NA,70,60,60,46.8965517241379,"Public","Male"
68.3333333333333,85.4545454545455,NA,NA,65,NA,80,75,"Public","Female"
90,100,NA,NA,60,50,80,85.1612903225806,"Public","Female"
60,67.2727272727273,NA,NA,46.6666666666667,80,80,62.6666666666667,"Public","Female"
85,76.3636363636364,NA,60,70,NA,80,76.6666666666667,"Public","Female"
48.3333333333333,43.6363636363636,NA,60,65,33.3333333333333,80,48.75,"Public","Male"
60,69.0909090909091,NA,NA,60,53.3333333333333,80,63.3333333333333,"Public","Female"
66.6666666666667,69.0909090909091,NA,60,55,30,60,63.2258064516129,"Public","Female"
50,76.3636363636364,NA,NA,65,53.3333333333333,80,62.5,"Public","Female"
38.3333333333333,54.5454545454545,20,NA,60,40,40,48,"Public","Male"
20,20,NA,NA,60,NA,20,28.2758620689655,"Public","Female"
90,87.2727272727273,NA,60,65,60,60,81.9354838709677,"Public","Male"
20,27.2727272727273,NA,60,33.3333333333333,20,20,27.3333333333333,"Public","Male"
65,56.3636363636364,NA,NA,60,20,60,59.2857142857143,"Public","Male"
65,89.0909090909091,NA,60,60,20,60,67.8787878787879,"Public","Male"
78.3333333333333,80,NA,60,65,53.3333333333333,80,74.1176470588235,"Public","Male"
35,47.2727272727273,NA,60,40,20,60,43.125,"Public","Female"
73.3333333333333,60,20,NA,70,40,60,65.1612903225807,"Public","Female"
63.3333333333333,74.5454545454545,NA,60,60,30,60,64.375,"Public","Female"
53.3333333333333,41.8181818181818,NA,60,46.6666666666667,NA,60,49.6551724137931,"Public","Female"
53.3333333333333,54.5454545454545,NA,NA,68,NA,60,56.1290322580645,"Public","Female"
46.6666666666667,52.7272727272727,NA,NA,40,20,60,47.5862068965517,"Public","Female"
71.6666666666667,56.3636363636364,NA,NA,45,NA,80,61.3793103448276,"Public","Male"
53.3333333333333,60,NA,60,60,80,60,57.5757575757576,"Public","Female"
80,90.9090909090909,NA,NA,75,53.3333333333333,60,79.375,"Public","Female"
60,85.4545454545455,NA,NA,60,60,80,70.7142857142857,"Public","Female"
20,20,NA,NA,60,80,80,32,"Private","Female"
71.6666666666667,94.5454545454545,NA,60,60,40,80,77.8571428571429,"Public","Female"
41.6666666666667,41.8181818181818,NA,NA,53.3333333333333,20,40,42,"Public","Female"
80,65.4545454545455,NA,60,80,80,60,70.625,"Public","Female"
80,78.1818181818182,NA,NA,60,70,60,75.3333333333333,"Public","Female"
75,80,40,60,60,80,80,74.1935483870968,"Public","Female"
40,45.4545454545455,NA,NA,60,33.3333333333333,80,45.1612903225806,"Public","Female"
46.6666666666667,38.1818181818182,NA,60,55,30,60,46.25,"Public","Female"
45,65.4545454545455,20,NA,50,60,60,53.3333333333333,"Public","Female"
61.6666666666667,58.1818181818182,NA,NA,60,20,60,58.6206896551724,"Public","Male"
40,47.2727272727273,40,NA,72,60,60,49.0322580645161,"Public","Female"
78.3333333333333,72.7272727272727,NA,NA,55,30,80,69.6774193548387,"Public","Female"
48.3333333333333,47.2727272727273,NA,NA,60,80,20,49.6551724137931,"Public","Female"
91.6666666666667,74.5454545454545,NA,NA,50,53.3333333333333,80,74.5454545454545,"Private","Male"
45,78.1818181818182,NA,NA,45,50,60,57.4193548387097,"Public","Female"
56.6666666666667,60,NA,NA,65,60,60,59.3333333333333,"Public","Female"
88.3333333333333,85.4545454545455,NA,NA,60,70,80,81.9354838709677,"Public","Male"
60,60,NA,60,75,NA,80,62,"Public","Female"
96.6666666666667,100,20,60,100,70,100,91.6129032258065,"Public","Male"
61.6666666666667,63.6363636363636,NA,60,52,20,60,58.1818181818182,"Public","Female"
40,72.7272727272727,40,60,45,20,80,53.5483870967742,"Public","Female"
68.3333333333333,49.0909090909091,20,NA,60,40,40,55.625,"Public","Female"
48.3333333333333,49.0909090909091,NA,NA,66.6666666666667,40,80,52.6666666666667,"Public","Female"
65,69.0909090909091,NA,NA,60,70,80,65.8064516129032,"Public","Female"
78.3333333333333,76.3636363636364,NA,NA,65,70,80,76.1290322580645,"Public","Female"
61.6666666666667,36.3636363636364,NA,NA,75,30,80,52.6666666666667,"Public","Female"
68.3333333333333,85.4545454545455,40,NA,65,40,80,70.625,"Public","Female"
35,36.3636363636364,NA,NA,40,NA,60,37.2413793103448,"Public","Female"
60,74.5454545454545,NA,NA,60,NA,60,64.8275862068965,"Public","Female"
78.3333333333333,72.7272727272727,NA,60,60,40,60,68.4848484848485,"Public","Female"
40,23.6363636363636,NA,60,60,70,60,41.2121212121212,"Public","Female"
85,87.2727272727273,NA,60,72,40,60,79.375,"Public","Female"
68.3333333333333,98.1818181818182,NA,60,60,80,80,76.875,"Public","Female"
58.3333333333333,60,NA,NA,50,50,80,58,"Public","Female"
51.6666666666667,60,NA,60,60,NA,80,57.3333333333333,"Public","Female"
63.3333333333333,76.3636363636364,NA,60,50,30,60,63.8709677419355,"Public","Female"
53.3333333333333,52.7272727272727,NA,NA,68,50,80,55.625,"Public","Female"
40,40,NA,NA,45,30,80,41.2903225806452,"Public","Female"
68.3333333333333,78.1818181818182,NA,60,60,70,60,70.3225806451613,"Public","Female"
55,67.2727272727273,NA,NA,56,40,80,59.375,"Public","Female"
68.3333333333333,76.3636363636364,NA,NA,56,80,60,69.375,"Public","Female"
30,21.8181818181818,NA,NA,50,50,80,32.6666666666667,"Public","Female"
60,81.8181818181818,NA,NA,53.3333333333333,20,80,67.1428571428571,"Public","Female"
45,61.8181818181818,NA,60,66.6666666666667,NA,60,54.6666666666667,"Public","Female"
78.3333333333333,74.5454545454545,NA,NA,60,60,80,74.1935483870968,"Public","Female"
43.3333333333333,49.0909090909091,NA,NA,65,40,40,48.6666666666667,"Public","Female"
71.6666666666667,65.4545454545455,NA,NA,53.3333333333333,40,80,64.6666666666667,"Public","Female"
78.3333333333333,52.7272727272727,NA,NA,80,20,60,65.7142857142857,"Public","Female"
53.3333333333333,58.1818181818182,NA,NA,56,40,80,55.625,"Private","Female"
100,85.4545454545455,NA,NA,52,50,80,81.8181818181818,"Public","Female"
53.3333333333333,67.2727272727273,NA,NA,40,50,80,59.2592592592593,"Public","Female"
45,76.3636363636364,NA,NA,60,50,80,61.3793103448276,"Public","Female"
98.3333333333333,100,NA,NA,65,60,80,91.3333333333333,"Public","Male"
81.6666666666667,80,NA,60,66.6666666666667,80,60,78.6666666666667,"Public","Female"
43.3333333333333,36.3636363636364,NA,60,50,NA,20,41.3333333333333,"Public","Female"
88.3333333333333,90.9090909090909,NA,NA,70,20,100,86.4285714285714,"Public","Female"
70,69.0909090909091,NA,60,65,40,60,66.4516129032258,"Public","Female"
58.3333333333333,89.0909090909091,NA,NA,60,50,80,69.0322580645161,"Public","Female"
88.3333333333333,90.9090909090909,NA,NA,53.3333333333333,70,80,81.2903225806452,"Private","Male"
78.3333333333333,63.6363636363636,NA,NA,70,40,80,70.3225806451613,"Public","Male"
78.3333333333333,78.1818181818182,NA,60,70,53.3333333333333,80,73.9393939393939,"Public","Female"
53.3333333333333,69.0909090909091,NA,60,56,50,80,59.3939393939394,"Public","Male"
68.3333333333333,67.2727272727273,NA,NA,60,60,60,65,"Public","Female"
73.3333333333333,74.5454545454545,NA,NA,55,70,60,69.375,"Public","Female"
60,80,NA,NA,60,80,80,69.0322580645161,"Public","Female"
78.3333333333333,80,40,NA,68,40,80,72.7272727272727,"Public","Female"
71.6666666666667,78.1818181818182,NA,60,64,70,80,71.1764705882353,"Public","Female"
76.6666666666667,78.1818181818182,NA,NA,60,80,80,75.7142857142857,"Public","Female"
51.6666666666667,52.7272727272727,NA,NA,40,20,80,51.7241379310345,"Public","Female"
80,78.1818181818182,NA,NA,86.6666666666667,20,80,76,"Public","Female"
63.3333333333333,83.6363636363636,NA,60,60,50,60,67.8787878787879,"Public","Male"
58.3333333333333,61.8181818181818,NA,60,46.6666666666667,60,80,58.75,"Public","Female"
73.3333333333333,72.7272727272727,NA,NA,60,40,80,66.875,"Public","Female"
55,65.4545454545455,NA,NA,72,40,60,60.6451612903226,"Public","Female"
88.3333333333333,96.3636363636364,NA,NA,50,80,80,84,"Public","Female"
73.3333333333333,83.6363636363636,NA,60,60,NA,60,74,"Public","Female"
45,54.5454545454545,NA,60,60,NA,80,52.258064516129,"Public","Female"
40,69.0909090909091,NA,60,53.3333333333333,20,60,54.8387096774194,"Public","Female"
80,80,NA,NA,68,NA,80,78.6666666666667,"Public","Female"
60,63.6363636363636,40,60,72,40,60,61.1764705882353,"Public","Female"
20,20,NA,NA,53.3333333333333,20,20,23.5714285714286,"Public","Male"
76.6666666666667,85.4545454545455,NA,NA,60,60,80,76.875,"Private","Female"
83.3333333333333,89.0909090909091,NA,NA,60,NA,80,80.6451612903226,"Public","Female"
56.6666666666667,80,NA,NA,45,50,60,61.25,"Public","Male"
71.6666666666667,76.3636363636364,NA,60,60,60,60,70.6666666666667,"Public","Female"
75,60,NA,60,60,20,20,64.5161290322581,"Public","Female"
56.6666666666667,87.2727272727273,NA,NA,56,40,80,65.625,"Public","Male"
60,60,NA,NA,60,60,60,60,"Public","Male"
70,70.9090909090909,NA,NA,55,50,60,66.875,"Public","Female"
55,58.1818181818182,NA,60,68,50,60,59.4117647058824,"Public","Female"
36.6666666666667,43.6363636363636,NA,NA,60,60,80,46.4516129032258,"Public","Female"
53.3333333333333,45.4545454545455,40,NA,50,20,60,49.6551724137931,"Public","Male"
36.6666666666667,52.7272727272727,NA,NA,60,60,60,48.9655172413793,"Public","Female"
43.3333333333333,69.0909090909091,NA,NA,50,40,80,55.3333333333333,"Public","Male"
76.6666666666667,85.4545454545455,NA,NA,45,60,80,72.9032258064516,"Public","Female"
58.3333333333333,80,40,60,60,NA,60,66,"Public","Female"
76.6666666666667,61.8181818181818,NA,NA,60,80,60,68,"Public","Female"
60,80,20,NA,70,NA,60,68.6666666666667,"Public","Female"
56.6666666666667,92.7272727272727,40,60,55,NA,60,70.3225806451613,"Public","Female"
33.3333333333333,49.0909090909091,20,NA,60,60,60,45.8064516129032,"Public","Female"
100,60,NA,NA,60,NA,100,77.9310344827586,"Public","Male"
41.6666666666667,27.2727272727273,NA,60,70,20,60,39.3103448275862,"Public","Female"
51.6666666666667,70.9090909090909,NA,NA,66.6666666666667,NA,60,62.0689655172414,"Public","Female"
80,78.1818181818182,40,NA,60,50,60,73.125,"Public","Female"
53.3333333333333,67.2727272727273,NA,NA,60,40,60,57.5757575757576,"Public","Female"
70,87.2727272727273,NA,60,46.6666666666667,50,80,71.875,"Public","Female"
31.6666666666667,30.9090909090909,NA,NA,60,60,60,39.3333333333333,"Public","Male"
61.6666666666667,78.1818181818182,NA,NA,70,70,60,68.3870967741936,"Public","Male"
55,45.4545454545455,NA,NA,68,40,80,53.5483870967742,"Public","Female"
85,87.2727272727273,NA,NA,60,NA,100,82,"Public","Female"
68.3333333333333,76.3636363636364,NA,60,52,100,60,69.6969696969697,"Public","Female"
45,67.2727272727273,NA,60,60,60,60,57.5,"Public","Female"
48.3333333333333,49.0909090909091,NA,60,46.6666666666667,20,60,49.0322580645161,"Public","Female"
28.3333333333333,34.5454545454545,NA,NA,30,40,60,34.4827586206897,"Public","Female"
90,90.9090909090909,NA,NA,75,80,100,88.2758620689655,"Public","Female"
33.3333333333333,52.7272727272727,NA,NA,50,NA,80,47.3333333333333,"Public","Female"
45,50.9090909090909,NA,NA,60,50,60,50.9677419354839,"Public","Male"
88.3333333333333,76.3636363636364,NA,NA,80,50,80,78.75,"Public","Female"
73.3333333333333,85.4545454545455,NA,60,64,40,60,72.9411764705882,"Public","Female"
38.3333333333333,45.4545454545455,NA,NA,53.3333333333333,33.3333333333333,60,45,"Public","Female"
48.3333333333333,49.0909090909091,NA,NA,53.3333333333333,40,60,50.3225806451613,"Public","Female"
56.6666666666667,72.7272727272727,NA,NA,60,60,60,63.125,"Public","Female"
81.6666666666667,98.1818181818182,NA,NA,60,80,100,84.6666666666667,"Public","Female"
48.3333333333333,49.0909090909091,NA,NA,53.3333333333333,20,60,49.3333333333333,"Public","Female"
46.6666666666667,47.2727272727273,NA,60,53.3333333333333,40,80,50.9677419354839,"Public","Female"
63.3333333333333,60,NA,NA,64,30,60,61.2121212121212,"Public","Male"
55,60,NA,NA,64,70,60,59.375,"Public","Female"
51.6666666666667,61.8181818181818,40,NA,68,NA,60,58.0645161290323,"Public","Female"
63.3333333333333,69.0909090909091,NA,60,30,40,60,61.2903225806452,"Public","Female"
76.6666666666667,69.0909090909091,NA,NA,46.6666666666667,70,60,69.3333333333333,"Public","Female"
48.3333333333333,67.2727272727273,NA,NA,53.3333333333333,60,60,57.3333333333333,"Public","Female"
76.6666666666667,72.7272727272727,40,NA,60,80,60,70.625,"Public","Female"
38.3333333333333,40,NA,NA,45,70,100,45.1612903225806,"Public","Male"
61.6666666666667,78.1818181818182,NA,NA,66.6666666666667,53.3333333333333,80,66.4516129032258,"Private","Female"
78.3333333333333,49.0909090909091,NA,NA,65,20,60,63.2258064516129,"Public","Female"
65,60,NA,NA,60,60,80,62.7586206896552,"Public","Female"
28.3333333333333,41.8181818181818,NA,NA,60,20,80,39.3103448275862,"Public","Male"
63.3333333333333,83.6363636363636,NA,NA,65,70,80,71.875,"Public","Female"
33.3333333333333,30.9090909090909,20,NA,45,60,60,36.1290322580645,"Public","Female"
28.3333333333333,60,NA,NA,65,80,100,50.6666666666667,"Public","Female"
58.3333333333333,58.1818181818182,NA,NA,40,20,60,56,"Public","Female"
68.3333333333333,50.9090909090909,NA,NA,40,50,80,59.3103448275862,"Public","Female"
53.3333333333333,54.5454545454545,40,NA,53.3333333333333,60,60,54,"Public","Female"
30,34.5454545454545,NA,NA,60,NA,60,37.1428571428571,"Public","Female"
45,58.1818181818182,NA,NA,60,40,80,52.4137931034483,"Public","Female"
75,83.6363636363636,NA,60,73.3333333333333,NA,60,75.8620689655172,"Public","Female"
51.6666666666667,47.2727272727273,NA,NA,48,40,80,50,"Public","Female"
78.3333333333333,72.7272727272727,40,NA,53.3333333333333,50,60,69.0322580645161,"Public","Female"
48.3333333333333,78.1818181818182,NA,NA,60,60,80,63.75,"Public","Female"
75,56.3636363636364,NA,60,66.6666666666667,NA,60,63.3333333333333,"Public","Male"
53.3333333333333,80,NA,NA,53.3333333333333,60,60,63.3333333333333,"Public","Female"
80,80,NA,NA,53.3333333333333,NA,80,76.4285714285714,"Public","Female"
68.3333333333333,76.3636363636364,NA,60,53.3333333333333,60,60,67.0967741935484,"Public","Female"
78.3333333333333,85.4545454545455,NA,NA,53.3333333333333,50,100,77.3333333333333,"Public","Female"
55,69.0909090909091,NA,NA,46.6666666666667,60,40,59.3103448275862,"Public","Female"
65,76.3636363636364,NA,NA,68,20,60,67.741935483871,"Public","Female"
68.3333333333333,50.9090909090909,NA,NA,60,50,60,58.75,"Public","Female"
55,49.0909090909091,40,NA,66.6666666666667,20,40,51.6129032258064,"Public","Female"
43.3333333333333,76.3636363636364,NA,60,66.6666666666667,NA,100,60.6896551724138,"Public","Female"
61.6666666666667,72.7272727272727,NA,NA,52,NA,80,64.6666666666667,"Public","Female"
55,70.9090909090909,NA,NA,60,60,80,63.5714285714286,"Public","Female"
26.6666666666667,32.7272727272727,20,NA,70,40,20,32.1428571428571,"Public","Female"
56.6666666666667,60,NA,NA,68,40,80,59.375,"Public","Female"
78.3333333333333,70.9090909090909,NA,60,70,50,60,69.6969696969697,"Public","Female"
56.6666666666667,67.2727272727273,NA,NA,80,40,100,62.7586206896552,"Public","Female"
38.3333333333333,47.2727272727273,20,NA,70,80,60,46,"Public","Female"
66.6666666666667,98.1818181818182,20,NA,55,100,100,76.1290322580645,"Public","Female"
20,20,NA,NA,70,NA,60,30,"Public","Female"
71.6666666666667,72.7272727272727,NA,NA,46.6666666666667,70,60,68.9655172413793,"Public","Female"
100,100,NA,NA,65,80,100,92.258064516129,"Public","Male"
58.3333333333333,90.9090909090909,20,NA,73.3333333333333,40,40,68.6666666666667,"Public","Male"
86.6666666666667,76.3636363636364,NA,60,64,NA,80,78.125,"Public","Female"
40,36.3636363636364,NA,NA,65,40,60,44.5161290322581,"Public","Female"
73.3333333333333,90.9090909090909,NA,NA,60,60,80,77.3333333333333,"Public","Female"
45,45.4545454545455,NA,NA,50,40,40,47.3333333333333,"Public","Female"
50,65.4545454545455,NA,NA,60,20,80,58.6206896551724,"Public","Female"
50,58.1818181818182,40,60,55,80,60,55.625,"Public","Female"
40,30.9090909090909,NA,60,65,60,60,41.9354838709677,"Public","Female"
38.3333333333333,38.1818181818182,NA,NA,53.3333333333333,80,40,42,"Public","Male"
50,58.1818181818182,NA,NA,55,53.3333333333333,60,55.1515151515152,"Public","Female"
60,61.8181818181818,NA,NA,60,40,60,58.6666666666667,"Public","Female"
63.3333333333333,63.6363636363636,NA,NA,55,NA,60,61.3793103448276,"Public","Female"
38.3333333333333,41.8181818181818,20,NA,64,20,20,42.5,"Public","Female"
60,63.6363636363636,NA,60,55,40,60,60.625,"Public","Female"
60,70.9090909090909,NA,NA,70,NA,80,66.6666666666667,"Public","Female"
80,80,40,60,65,40,80,73.75,"Public","Female"
60,60,NA,NA,60,60,60,60.6666666666667,"Public","Female"
30,20,NA,NA,60,30,60,32.258064516129,"Public","Female"
65,49.0909090909091,NA,NA,46.6666666666667,53.3333333333333,60,56,"Public","Female"
73.3333333333333,76.3636363636364,NA,NA,50,60,60,69.0322580645161,"Public","Female"
60,63.6363636363636,NA,NA,60,60,80,63.3333333333333,"Public","Female"
55,76.3636363636364,NA,NA,60,60,80,62.5,"Public","Male"
83.3333333333333,81.8181818181818,NA,NA,50,80,80,77.3333333333333,"Public","Female"
80,80,NA,NA,52,40,80,74,"Public","Female"
58.3333333333333,50.9090909090909,NA,NA,65,20,60,55.3333333333333,"Public","Female"
56.6666666666667,96.3636363636364,NA,NA,65,60,80,73.5483870967742,"Public","Female"
65,80,NA,60,45,20,80,67.741935483871,"Public","Female"
66.6666666666667,76.3636363636364,NA,NA,44,20,60,63.125,"Public","Male"
81.6666666666667,67.2727272727273,NA,NA,50,80,60,70.3448275862069,"Public","Female"
68.3333333333333,78.1818181818182,NA,NA,65,80,80,70.9677419354839,"Public","Female"
68.3333333333333,43.6363636363636,NA,NA,75,NA,60,60.6666666666667,"Public","Female"
76.6666666666667,80,NA,NA,55,100,60,76,"Public","Female"
83.3333333333333,45.4545454545455,NA,60,70,80,60,65.1612903225807,"Public","Male"
21.6666666666667,30.9090909090909,NA,NA,85,50,100,38.0645161290323,"Public","Female"
21.6666666666667,32.7272727272727,NA,NA,60,20,60,33.7931034482759,"Public","Female"
66.6666666666667,74.5454545454545,NA,NA,64,70,80,70,"Public","Female"
76.6666666666667,61.8181818181818,NA,NA,60,40,60,65.1612903225807,"Public","Male"
63.3333333333333,72.7272727272727,NA,60,64,80,80,68.125,"Public","Female"
50,81.8181818181818,20,NA,60,50,60,62.4242424242424,"Public","Female"
98.3333333333333,89.0909090909091,NA,60,55,50,80,81.2121212121212,"Public","Female"
80,65.4545454545455,NA,60,46.6666666666667,NA,60,66.6666666666667,"Public","Female"
61.6666666666667,72.7272727272727,NA,NA,60,60,60,65.1612903225807,"Public","Female"
66.6666666666667,89.0909090909091,NA,NA,66.6666666666667,70,60,76,"Public","Female"
58.3333333333333,60,NA,NA,60,50,60,58.0645161290323,"Public","Female"
65,76.3636363636364,NA,NA,60,80,80,70,"Public","Female"
80,80,NA,60,65,70,80,76.875,"Public","Female"
65,78.1818181818182,NA,NA,60,50,60,68.9655172413793,"Public","Female"
53.3333333333333,38.1818181818182,NA,NA,65,40,60,50.3225806451613,"Public","Male"
60,63.6363636363636,NA,NA,60,20,80,60,"Public","Male"
48.3333333333333,63.6363636363636,NA,60,70,80,100,59.375,"Public","Female"
46.6666666666667,61.8181818181818,20,60,70,NA,80,55.625,"Public","Female"
70,72.7272727272727,NA,NA,55,40,60,66.4516129032258,"Public","Female"
78.3333333333333,70.9090909090909,NA,60,60,40,80,71.3333333333333,"Public","Female"
26.6666666666667,40,NA,60,60,40,80,41.25,"Public","Female"
46.6666666666667,70.9090909090909,NA,NA,70,50,60,59.3548387096774,"Public","Male"
43.3333333333333,52.7272727272727,NA,NA,80,NA,100,54.6666666666667,"Public","Female"
60,76.3636363636364,NA,NA,60,80,100,65.625,"Public","Female"
38.3333333333333,32.7272727272727,40,NA,70,40,40,41.875,"Public","Female"
68.3333333333333,85.4545454545455,NA,NA,65,50,100,74.8387096774193,"Public","Female"
71.6666666666667,80,NA,NA,68,53.3333333333333,40,71.5151515151515,"Public","Female"
66.6666666666667,78.1818181818182,NA,NA,53.3333333333333,40,60,66.6666666666667,"Public","Female"
71.6666666666667,80,NA,NA,50,40,60,70.7142857142857,"Public","Female"
46.6666666666667,58.1818181818182,NA,60,60,60,60,55.4838709677419,"Public","Female"
68.3333333333333,85.4545454545455,NA,60,30,50,40,68.6666666666667,"Public","Female"
73.3333333333333,72.7272727272727,NA,NA,60,60,100,70,"Public","Female"
40,60,NA,NA,60,40,60,51.875,"Public","Male"
78.3333333333333,80,NA,NA,65,80,80,76.1290322580645,"Public","Female"
53.3333333333333,60,40,60,50,50,60,54.7058823529412,"Public","Female"
73.3333333333333,74.5454545454545,NA,60,66.6666666666667,40,60,71.3333333333333,"Public","Female"
45,78.1818181818182,NA,60,55,60,80,59.375,"Public","Female"
58.3333333333333,60,20,60,72,70,80,62.3529411764706,"Public","Female"
80,100,NA,NA,56,70,80,80.6060606060606,"Public","Female"
40,52.7272727272727,NA,NA,50,40,60,46.4516129032258,"Public","Female"
51.6666666666667,43.6363636363636,40,NA,64,20,60,50.5882352941176,"Public","Female"
31.6666666666667,36.3636363636364,NA,60,33.3333333333333,30,60,36.1290322580645,"Public","Female"
40,76.3636363636364,NA,60,60,60,80,58.75,"Public","Female"
66.6666666666667,76.3636363636364,NA,NA,52,53.3333333333333,60,66.25,"Private","Female"
50,58.1818181818182,NA,NA,60,20,80,54.8387096774194,"Public","Female"
70,67.2727272727273,NA,NA,73.3333333333333,30,60,66.4516129032258,"Public","Female"
71.6666666666667,72.7272727272727,NA,60,48,60,80,67.5,"Public","Female"
55,45.4545454545455,NA,60,65,NA,100,53.5483870967742,"Public","Female"
68.3333333333333,76.3636363636364,NA,60,60,60,80,69.375,"Public","Female"
46.6666666666667,41.8181818181818,NA,NA,70,70,60,49.6774193548387,"Public","Female"
66.6666666666667,72.7272727272727,40,NA,55,70,40,64.8484848484848,"Public","Female"
71.6666666666667,54.5454545454545,NA,NA,40,50,60,59.3333333333333,"Public","Female"
23.3333333333333,60,NA,NA,20,80,80,43.7037037037037,"Public","Male"
80,60,NA,60,80,60,60,70,"Public","Female"
80,80,NA,NA,68,80,80,76.25,"Public","Female"
58.3333333333333,34.5454545454545,NA,NA,73.3333333333333,NA,80,50.7142857142857,"Public","Female"
70,72.7272727272727,NA,NA,64,50,80,69.375,"Public","Female"
38.3333333333333,36.3636363636364,NA,NA,66.6666666666667,50,20,42,"Public","Female"
66.6666666666667,52.7272727272727,NA,60,60,NA,40,60,"Public","Female"
60,60,NA,NA,30,40,20,55.1724137931035,"Public","Male"
81.6666666666667,74.5454545454545,NA,NA,60,60,80,73.5483870967742,"Public","Female"
60,60,NA,NA,40,40,80,58.0645161290323,"Public","Female"
80,36.3636363636364,NA,NA,70,80,80,63.3333333333333,"Public","Female"
60,60,NA,NA,65,NA,60,60.6896551724138,"Public","Female"
60,80,NA,NA,60,NA,60,68.5714285714286,"Public","Female"
20,47.2727272727273,NA,NA,60,50,60,40,"Public","Female"
73.3333333333333,76.3636363636364,40,NA,68,100,80,73.75,"Public","Female"
78.3333333333333,80,NA,NA,65,80,80,77.4193548387097,"Public","Female"
66.6666666666667,80,NA,NA,60,80,80,69.0322580645161,"Public","Male"
60,60,NA,NA,40,60,60,60,"Public","Male"
30,45.4545454545455,NA,60,80,20,60,45.1612903225806,"Public","Male"
70,78.1818181818182,NA,NA,75,NA,80,72.6666666666667,"Public","Female"
28.3333333333333,30.9090909090909,NA,NA,68,60,80,41.25,"Public","Female"
58.3333333333333,80,NA,60,60,60,60,67.3333333333333,"Public","Female"
75,80,20,NA,56,80,80,71.25,"Public","Female"
80,61.8181818181818,NA,NA,64,NA,60,70.6666666666667,"Public","Female"
40,65.4545454545455,NA,60,70,60,80,57.4193548387097,"Public","Female"
38.3333333333333,29.0909090909091,NA,NA,70,60,60,42.5,"Public","Female"
41.6666666666667,60,NA,NA,60,30,100,51.3333333333333,"Private","Female"
43.3333333333333,41.8181818181818,40,60,48,40,60,44.2424242424242,"Public","Male"
20,20,NA,NA,72,NA,60,30.9677419354839,"Public","Female"
61.6666666666667,58.1818181818182,NA,NA,65,NA,60,60.6896551724138,"Public","Female"
30,38.1818181818182,40,60,53.3333333333333,20,60,37.4193548387097,"Public","Male"
98.3333333333333,96.3636363636364,NA,NA,60,80,60,87.741935483871,"Public","Male"
80,80,40,60,46.6666666666667,NA,100,74.6666666666667,"Public","Female"
78.3333333333333,70.9090909090909,NA,NA,70,20,80,72,"Public","Female"
21.6666666666667,20,40,NA,50,70,80,30.3030303030303,"Public","Female"
63.3333333333333,54.5454545454545,NA,60,60,NA,60,60.6666666666667,"Public","Female"
80,80,NA,60,70,NA,80,78,"Public","Female"
43.3333333333333,41.8181818181818,NA,NA,70,20,80,47.3333333333333,"Public","Male"
33.3333333333333,21.8181818181818,NA,60,50,60,80,35.625,"Public","Female"
61.6666666666667,72.7272727272727,NA,60,60,60,80,66.4516129032258,"Public","Female"
95,100,NA,NA,52,80,60,86.875,"Public","Female"
61.6666666666667,72.7272727272727,NA,NA,55,33.3333333333333,60,62.4242424242424,"Public","Female"
63.3333333333333,81.8181818181818,40,NA,65,40,80,69.6774193548387,"Public","Female"
55,65.4545454545455,NA,NA,60,40,80,59.3103448275862,"Private","Female"
51.6666666666667,45.4545454545455,NA,NA,65,20,40,50,"Private","Female"
60,72.7272727272727,NA,NA,55,60,80,65.1612903225807,"Public","Female"
75,56.3636363636364,NA,NA,40,60,80,64.1379310344828,"Public","Female"
80,60,NA,NA,60,70,60,68.125,"Public","Female"
60,60,NA,60,60,50,80,60,"Private","Female"
51.6666666666667,50.9090909090909,NA,NA,75,20,60,52.9032258064516,"Public","Female"
73.3333333333333,63.6363636363636,NA,NA,65,60,60,66.4516129032258,"Public","Female"
66.6666666666667,54.5454545454545,20,60,75,60,100,63.125,"Public","Female"
53.3333333333333,49.0909090909091,NA,NA,65,20,80,54,"Public","Female"
66.6666666666667,52.7272727272727,NA,NA,60,53.3333333333333,60,59.3333333333333,"Public","Female"
55,76.3636363636364,NA,60,70,NA,100,66.4516129032258,"Public","Female"
86.6666666666667,92.7272727272727,NA,NA,60,NA,100,86.6666666666667,"Public","Female"
46.6666666666667,40,40,NA,55,50,80,46.25,"Public","Female"
76.6666666666667,72.7272727272727,NA,NA,60,60,80,70,"Public","Female"
81.6666666666667,80,NA,NA,60,40,60,74.6666666666667,"Public","Female"
80,80,NA,NA,76,70,80,76.969696969697,"Public","Female"
55,80,NA,NA,60,70,80,66.875,"Public","Female"
50,78.1818181818182,NA,NA,40,50,60,58.7096774193548,"Public","Female"
46.6666666666667,52.7272727272727,20,60,45,80,60,52.1212121212121,"Public","Female"
56.6666666666667,61.8181818181818,NA,NA,60,NA,80,59.3548387096774,"Public","Female"
58.3333333333333,67.2727272727273,NA,60,64,40,60,60.6060606060606,"Public","Female"
78.3333333333333,78.1818181818182,NA,NA,60,NA,80,76.551724137931,"Public","Male"
48.3333333333333,54.5454545454545,NA,60,60,NA,100,54.6666666666667,"Public","Female"
60,56.3636363636364,NA,NA,66.6666666666667,60,80,60,"Public","Female"
65,67.2727272727273,NA,60,56,NA,80,64.6666666666667,"Public","Female"
96.6666666666667,100,NA,NA,70,100,100,92.6666666666667,"Public","Female"
33.3333333333333,36.3636363636364,NA,NA,80,20,40,42,"Public","Female"
43.3333333333333,47.2727272727273,NA,NA,68,50,40,48.4848484848485,"Public","Female"
78.3333333333333,90.9090909090909,NA,NA,55,NA,100,80,"Public","Female"
61.6666666666667,58.1818181818182,40,NA,80,NA,80,61.4285714285714,"Public","Female"
48.3333333333333,65.4545454545455,NA,NA,45,20,80,54.1935483870968,"Public","Female"
71.6666666666667,60,NA,NA,60,NA,80,64.1379310344828,"Public","Male"
36.6666666666667,58.1818181818182,NA,NA,66.6666666666667,20,20,47.1428571428571,"Public","Female"
90,90.9090909090909,NA,NA,70,60,60,83.8709677419355,"Public","Female"
85,90.9090909090909,NA,NA,65,60,60,80,"Public","Male"
65,76.3636363636364,NA,NA,55,60,60,68,"Public","Female"
70,69.0909090909091,NA,60,66.6666666666667,100,80,69.3333333333333,"Public","Female"
60,60,40,60,56,60,60,58.7878787878788,"Public","Female"
88.3333333333333,92.7272727272727,NA,60,68,80,80,83.75,"Public","Female"
100,96.3636363636364,NA,NA,53.3333333333333,NA,80,90.7142857142857,"Public","Female"
41.6666666666667,38.1818181818182,NA,NA,46.6666666666667,20,60,42,"Public","Female"
43.3333333333333,80,20,60,55,NA,80,58.7096774193548,"Public","Female"
38.3333333333333,36.3636363636364,NA,NA,65,20,60,42,"Public","Female"
88.3333333333333,80,NA,NA,65,100,60,80,"Public","Female"
68.3333333333333,78.1818181818182,40,NA,52,50,60,67.8787878787879,"Public","Female"
36.6666666666667,60,NA,NA,65,70,60,51.875,"Public","Female"
56.6666666666667,58.1818181818182,40,NA,46.6666666666667,40,80,55.3333333333333,"Public","Female"
80,98.1818181818182,20,NA,65,100,80,81.9354838709677,"Public","Female"
98.3333333333333,98.1818181818182,NA,60,65,80,80,90.9677419354839,"Public","Female"
76.6666666666667,67.2727272727273,NA,60,66.6666666666667,50,60,69.3333333333333,"Public","Female"
70,80,NA,60,60,NA,60,71.3333333333333,"Public","Female"
48.3333333333333,61.8181818181818,NA,NA,66.6666666666667,40,100,56.6666666666667,"Public","Female"
65,89.0909090909091,NA,NA,68,40,80,74,"Public","Female"
100,100,NA,NA,70,80,60,94.2857142857143,"Public","Male"
80,76.3636363636364,NA,NA,53.3333333333333,60,80,73.7931034482759,"Public","Female"
81.6666666666667,67.2727272727273,NA,NA,60,20,80,70.3448275862069,"Public","Male"
40,20,NA,NA,40,20,20,32.1428571428571,"Public","Female"
41.6666666666667,34.5454545454545,NA,60,60,40,80,45,"Public","Female"
65,72.7272727272727,NA,60,60,70,60,66.6666666666667,"Public","Female"
56.6666666666667,54.5454545454545,20,NA,46.6666666666667,20,60,52.9032258064516,"Public","Female"
63.3333333333333,80,40,60,60,NA,60,68.3870967741936,"Public","Female"
30,27.2727272727273,NA,60,55,30,60,34.1935483870968,"Public","Male"
80,80,NA,NA,68,80,80,78.7096774193548,"Public","Female"
80,80,NA,60,70,70,60,76.3636363636364,"Public","Female"
80,80,40,NA,52,70,80,72.9411764705882,"Public","Female"
63.3333333333333,74.5454545454545,NA,60,64,60,60,66.25,"Public","Female"
81.6666666666667,90.9090909090909,NA,NA,52,60,60,76.875,"Public","Female"
86.6666666666667,83.6363636363636,NA,NA,65,70,80,80,"Private","Male"
73.3333333333333,81.8181818181818,NA,NA,64,80,60,74.8387096774193,"Public","Female"
56.6666666666667,81.8181818181818,NA,NA,50,60,60,66,"Public","Female"
65,49.0909090909091,40,60,44,40,60,54.2857142857143,"Private","Male"
80,80,NA,NA,64,70,80,75.625,"Public","Female"
85,83.6363636363636,NA,NA,70,53.3333333333333,80,77.5757575757576,"Public","Male"
73.3333333333333,70.9090909090909,NA,NA,60,80,80,70.6666666666667,"Public","Female"
38.3333333333333,29.0909090909091,20,NA,50,20,20,33.5714285714286,"Public","Male"
96.6666666666667,94.5454545454545,NA,NA,53.3333333333333,60,80,86.4516129032258,"Private","Female"
23.3333333333333,47.2727272727273,NA,NA,64,40,80,42.5806451612903,"Public","Male"
83.3333333333333,78.1818181818182,NA,NA,65,80,80,76.1290322580645,"Public","Female"
73.3333333333333,90.9090909090909,NA,60,66.6666666666667,80,100,78.7096774193548,"Private","Male"
66.6666666666667,65.4545454545455,20,NA,66.6666666666667,50,80,64.5161290322581,"Public","Female"
71.6666666666667,67.2727272727273,NA,NA,60,40,60,65.3333333333333,"Public","Female"
61.6666666666667,98.1818181818182,NA,60,55,60,60,73.75,"Public","Male"
63.3333333333333,54.5454545454545,NA,NA,40,40,80,58.5714285714286,"Public","Female"
81.6666666666667,90.9090909090909,NA,NA,50,80,80,79.3333333333333,"Public","Female"
48.3333333333333,58.1818181818182,NA,NA,66.6666666666667,50,60,56,"Public","Female"
51.6666666666667,60,NA,60,68,NA,60,57.5,"Public","Female"
65,80,40,NA,64,NA,80,68.75,"Public","Male"
20,32.7272727272727,NA,60,40,20,20,28.2758620689655,"Public","Male"
48.3333333333333,60,40,NA,30,50,60,52.258064516129,"Public","Female"
75,56.3636363636364,40,60,64,40,80,63.4285714285714,"Public","Male"
48.3333333333333,52.7272727272727,NA,NA,60,40,40,51.3333333333333,"Public","Female"
45,83.6363636363636,NA,NA,65,60,80,62.5806451612903,"Public","Female"
41.6666666666667,41.8181818181818,NA,NA,75,60,100,49.6774193548387,"Public","Female"
76.6666666666667,78.1818181818182,NA,NA,56,NA,80,72.6666666666667,"Public","Female"
30,49.0909090909091,NA,60,55,20,80,42.5,"Public","Female"
60,76.3636363636364,NA,NA,68,20,100,67.3333333333333,"Public","Male"
56.6666666666667,74.5454545454545,20,NA,65,50,60,62.4242424242424,"Public","Male"
78.3333333333333,80,NA,NA,60,NA,100,76.551724137931,"Public","Female"
66.6666666666667,63.6363636363636,NA,NA,50,80,80,63.2258064516129,"Public","Female"
61.6666666666667,50.9090909090909,NA,NA,50,80,60,56.6666666666667,"Public","Female"
81.6666666666667,70.9090909090909,NA,NA,66.6666666666667,100,80,74.6666666666667,"Private","Male"
100,83.6363636363636,NA,NA,65,80,80,86,"Public","Female"
46.6666666666667,85.4545454545455,NA,60,60,60,60,65.3333333333333,"Public","Female"
88.3333333333333,74.5454545454545,NA,60,70,NA,60,79.3333333333333,"Public","Male"
65,85.4545454545455,NA,NA,68,40,60,71.875,"Public","Female"
68.3333333333333,80,NA,60,55,40,100,71.6129032258064,"Public","Male"
51.6666666666667,50.9090909090909,NA,NA,46.6666666666667,40,40,50.3448275862069,"Public","Female"
80,80,NA,NA,60,NA,80,76.551724137931,"Public","Male"
36.6666666666667,56.3636363636364,NA,NA,50,50,60,47.0967741935484,"Public","Female"
81.6666666666667,78.1818181818182,NA,NA,60,60,100,74.1935483870968,"Private","Male"
38.3333333333333,45.4545454545455,NA,60,55,50,60,45,"Public","Female"
60,60,NA,NA,64,NA,60,60.6666666666667,"Public","Female"
68.3333333333333,80,NA,NA,68,NA,60,72.258064516129,"Public","Female"
70,74.5454545454545,NA,NA,66.6666666666667,NA,80,70.7142857142857,"Public","Female"
48.3333333333333,87.2727272727273,NA,60,64,50,60,65,"Public","Female"
78.3333333333333,80,NA,NA,64,NA,80,74.1935483870968,"Public","Female"
46.6666666666667,89.0909090909091,NA,NA,50,NA,60,65.5172413793103,"Public","Female"
71.6666666666667,52.7272727272727,40,NA,70,NA,100,64,"Public","Male"
80,80,NA,60,70,50,80,76.1290322580645,"Public","Female"
61.6666666666667,63.6363636363636,NA,60,60,NA,60,62.0689655172414,"Public","Male"
51.6666666666667,60,NA,60,50,40,60,54.1935483870968,"Public","Female"
80,80,NA,NA,40,40,40,75,"Public","Female"
65,70.9090909090909,NA,60,60,40,60,65,"Public","Male"
60,58.1818181818182,NA,NA,60,NA,40,59.3333333333333,"Public","Female"
40,21.8181818181818,NA,NA,75,20,20,36.551724137931,"Public","Female"
91.6666666666667,98.1818181818182,NA,NA,55,80,80,88,"Public","Female"
50,43.6363636363636,NA,NA,65,40,60,50,"Public","Female"
78.3333333333333,87.2727272727273,NA,NA,55,80,60,77.3333333333333,"Public","Male"
38.3333333333333,58.1818181818182,NA,NA,68,NA,60,52.258064516129,"Public","Male"
40,49.0909090909091,NA,NA,80,30,60,48,"Public","Female"
73.3333333333333,45.4545454545455,NA,NA,60,NA,100,62.0689655172414,"Public","Female"
58.3333333333333,60,NA,60,70,33.3333333333333,60,58.1818181818182,"Public","Female"
60,50.9090909090909,NA,60,50,20,40,53.7931034482759,"Private","Female"
61.6666666666667,94.5454545454545,NA,NA,60,NA,80,73.3333333333333,"Public","Female"
43.3333333333333,34.5454545454545,NA,60,65,20,20,42.5806451612903,"Public","Female"
60,83.6363636363636,NA,NA,40,60,100,67.0967741935484,"Public","Female"
90,94.5454545454545,NA,NA,60,80,80,84.6666666666667,"Public","Female"
88.3333333333333,90.9090909090909,NA,NA,73.3333333333333,40,80,82.6666666666667,"Public","Female"
81.6666666666667,80,NA,NA,55,80,80,77.3333333333333,"Public","Female"
61.6666666666667,43.6363636363636,NA,NA,46.6666666666667,20,20,48.6666666666667,"Public","Female"
20,20,NA,60,64,60,60,32.1212121212121,"Public","Female"
66.6666666666667,72.7272727272727,NA,NA,50,80,80,68.3870967741936,"Public","Female"
55,78.1818181818182,NA,NA,70,50,80,65.8064516129032,"Public","Female"
45,41.8181818181818,NA,NA,20,30,40,41.2903225806452,"Public","Female"
50,56.3636363636364,NA,60,65,20,80,54.6666666666667,"Public","Female"
45,43.6363636363636,NA,NA,60,100,100,50.3448275862069,"Public","Female"
51.6666666666667,50.9090909090909,NA,60,55,NA,60,53.5483870967742,"Public","Female"
56.6666666666667,60,NA,60,64,NA,60,60.6451612903226,"Public","Female"
46.6666666666667,65.4545454545455,NA,NA,46.6666666666667,20,60,52.6666666666667,"Public","Female"
41.6666666666667,40,NA,NA,50,30,40,43.75,"Public","Male"
80,41.8181818181818,NA,NA,56,20,60,57.5,"Public","Female"
51.6666666666667,61.8181818181818,NA,60,60,80,60,58.0645161290323,"Public","Female"
48.3333333333333,47.2727272727273,NA,NA,60,60,60,50.3448275862069,"Public","Male"
50,36.3636363636364,NA,NA,73.3333333333333,30,80,46.8965517241379,"Public","Female"
61.6666666666667,94.5454545454545,NA,NA,65,NA,100,75.3333333333333,"Public","Male"
56.6666666666667,45.4545454545455,NA,60,66.6666666666667,40,40,53.3333333333333,"Public","Female"
51.6666666666667,45.4545454545455,NA,NA,65,20,100,51.25,"Public","Female"
78.3333333333333,76.3636363636364,NA,60,55,70,60,72.1212121212121,"Public","Female"
58.3333333333333,47.2727272727273,NA,NA,66.6666666666667,40,60,56,"Public","Female"
43.3333333333333,27.2727272727273,NA,NA,60,NA,60,40,"Public","Female"
41.6666666666667,27.2727272727273,NA,NA,40,30,60,36.551724137931,"Public","Male"
21.6666666666667,21.8181818181818,NA,60,65,40,80,32.9032258064516,"Public","Female"
61.6666666666667,63.6363636363636,NA,NA,64,20,80,62,"Public","Female"
61.6666666666667,70.9090909090909,40,60,60,80,80,64.2424242424242,"Public","Female"
73.3333333333333,87.2727272727273,NA,NA,60,100,80,76.6666666666667,"Private","Female"
75,81.8181818181818,NA,NA,60,80,80,75.4838709677419,"Public","Female"
50,63.6363636363636,NA,60,46.6666666666667,50,80,56,"Public","Female"
83.3333333333333,94.5454545454545,NA,NA,65,40,80,81.2903225806452,"Public","Female"
60,60,NA,NA,64,40,60,60,"Public","Female"
63.3333333333333,76.3636363636364,20,60,56,NA,80,63.6363636363636,"Public","Female"
63.3333333333333,65.4545454545455,NA,NA,53.3333333333333,40,80,62,"Public","Female"
56.6666666666667,60,NA,NA,55,80,80,58.7096774193548,"Public","Female"
55,54.5454545454545,NA,NA,50,NA,60,53.7931034482759,"Public","Female"
46.6666666666667,52.7272727272727,NA,NA,66.6666666666667,50,60,51.7241379310345,"Public","Female"
81.6666666666667,60,NA,NA,60,50,80,66.875,"Public","Male"
41.6666666666667,56.3636363636364,NA,60,60,40,100,52.258064516129,"Public","Male"
21.6666666666667,61.8181818181818,NA,NA,53.3333333333333,40,20,43.448275862069,"Public","Female"
60,58.1818181818182,40,NA,60,20,60,55.3333333333333,"Public","Female"
51.6666666666667,58.1818181818182,NA,NA,70,60,60,57.4193548387097,"Public","Female"
41.6666666666667,47.2727272727273,NA,NA,60,60,80,48.125,"Public","Female"
30,29.0909090909091,NA,60,66.6666666666667,60,80,39.3548387096774,"Public","Female"
80,36.3636363636364,NA,NA,60,40,60,57.9310344827586,"Public","Male"
70,34.5454545454545,NA,60,50,50,60,53.1034482758621,"Public","Male"
80,83.6363636363636,NA,NA,64,NA,60,76.6666666666667,"Public","Female"
91.6666666666667,89.0909090909091,NA,NA,64,NA,80,83.8709677419355,"Public","Female"
53.3333333333333,69.0909090909091,NA,60,72,40,60,61.2121212121212,"Public","Male"
48.3333333333333,54.5454545454545,NA,NA,60,40,80,52.258064516129,"Public","Female"
68.3333333333333,89.0909090909091,NA,NA,65,50,60,73.5483870967742,"Public","Female"
68.3333333333333,78.1818181818182,NA,NA,65,40,100,70.9677419354839,"Public","Female"
51.6666666666667,63.6363636363636,40,NA,60,NA,80,57.3333333333333,"Public","Female"
40,36.3636363636364,NA,NA,70,20,20,41.3793103448276,"Public","Female"
88.3333333333333,94.5454545454545,NA,NA,40,40,60,81.3793103448276,"Public","Female"
58.3333333333333,47.2727272727273,NA,NA,55,20,80,52.9032258064516,"Public","Female"
58.3333333333333,43.6363636363636,NA,NA,30,80,60,52.4137931034483,"Public","Female"
83.3333333333333,81.8181818181818,NA,60,65,20,60,77.4193548387097,"Public","Female"
26.6666666666667,27.2727272727273,NA,NA,56,60,80,36.25,"Public","Male"
53.3333333333333,21.8181818181818,40,60,30,NA,20,39.3103448275862,"Public","Female"
63.3333333333333,56.3636363636364,NA,60,73.3333333333333,30,80,60,"Public","Female"
70,74.5454545454545,NA,NA,70,NA,60,71.4285714285714,"Public","Female"
86.6666666666667,96.3636363636364,NA,NA,64,NA,80,85.3333333333333,"Public","Male"
65,74.5454545454545,NA,NA,50,40,80,67.3333333333333,"Public","Female"
81.6666666666667,83.6363636363636,NA,NA,20,80,60,75.7142857142857,"Public","Female"
30,40,NA,NA,60,20,60,38,"Public","Female"
48.3333333333333,56.3636363636364,40,NA,73.3333333333333,NA,60,54.4827586206897,"Public","Female"
61.6666666666667,69.0909090909091,NA,60,60,60,80,64.375,"Public","Female"
40,41.8181818181818,NA,NA,53.3333333333333,40,40,42.6666666666667,"Public","Female"
45,67.2727272727273,NA,60,60,70,80,58.7096774193548,"Public","Female"
75,63.6363636363636,NA,NA,53.3333333333333,70,80,67.741935483871,"Public","Female"
36.6666666666667,47.2727272727273,NA,NA,66.6666666666667,20,40,43.5714285714286,"Public","Female"
58.3333333333333,65.4545454545455,NA,60,60,40,60,60,"Public","Female"
58.3333333333333,72.7272727272727,NA,60,46.6666666666667,40,60,62,"Public","Male"
58.3333333333333,60,NA,NA,70,40,60,58.75,"Public","Female"
48.3333333333333,74.5454545454545,NA,60,50,50,80,58.125,"Public","Female"
88.3333333333333,69.0909090909091,NA,NA,65,60,80,77.3333333333333,"Public","Female"
65,78.1818181818182,NA,NA,50,NA,60,67.5862068965517,"Public","Female"
28.3333333333333,45.4545454545455,NA,NA,64,40,80,43.75,"Public","Male"
53.3333333333333,56.3636363636364,NA,60,65,80,80,56.875,"Public","Male"
91.6666666666667,94.5454545454545,NA,NA,73.3333333333333,20,80,85.5172413793103,"Public","Female"
70,74.5454545454545,NA,60,64,50,60,67.8787878787879,"Public","Male"
61.6666666666667,58.1818181818182,40,NA,55,60,20,57.5,"Public","Female"
60,60,NA,NA,33.3333333333333,70,60,56.7741935483871,"Public","Female"
46.6666666666667,45.4545454545455,NA,60,60,40,60,49.0322580645161,"Public","Female"
78.3333333333333,78.1818181818182,NA,NA,60,40,60,72.6666666666667,"Public","Female"
43.3333333333333,23.6363636363636,NA,NA,60,NA,40,36.4285714285714,"Public","Male"
53.3333333333333,41.8181818181818,NA,NA,48,40,20,48.125,"Public","Female"
60,60,NA,60,40,60,60,57.9310344827586,"Public","Female"
71.6666666666667,80,NA,NA,65,40,60,70.9677419354839,"Public","Male"
60,72.7272727272727,40,NA,50,60,60,63.75,"Public","Female"
43.3333333333333,41.8181818181818,NA,NA,53.3333333333333,20,60,43.5714285714286,"Public","Male"
45,52.7272727272727,40,60,70,40,40,51.875,"Public","Male"
50,74.5454545454545,NA,60,65,60,80,62.5,"Public","Female"
56.6666666666667,50.9090909090909,NA,60,46.6666666666667,50,40,52.6666666666667,"Public","Female"
83.3333333333333,78.1818181818182,NA,60,60,70,80,76.25,"Private","Female"
80,83.6363636363636,NA,60,60,80,60,77.9310344827586,"Public","Female"
48.3333333333333,60,NA,60,60,NA,60,55,"Public","Female"
76.6666666666667,69.0909090909091,NA,60,46.6666666666667,60,60,68.6666666666667,"Public","Female"
60,52.7272727272727,NA,60,73.3333333333333,40,60,55.7575757575758,"Public","Female"
45,81.8181818181818,NA,NA,53.3333333333333,80,80,62.0689655172414,"Public","Male"
36.6666666666667,41.8181818181818,NA,NA,46.6666666666667,40,40,42.0689655172414,"Public","Female"
75,85.4545454545455,NA,60,60,60,60,74.1935483870968,"not determined","Female"
50,56.3636363636364,NA,NA,53.3333333333333,NA,60,54.2857142857143,"Public","Female"
63.3333333333333,56.3636363636364,NA,NA,46.6666666666667,40,20,56.4285714285714,"Public","Male"
53.3333333333333,60,NA,NA,73.3333333333333,40,60,57.2413793103448,"Public","Female"
53.3333333333333,45.4545454545455,NA,NA,66.6666666666667,50,80,52.4137931034483,"Public","Female"
73.3333333333333,80,NA,60,55,NA,100,72.6666666666667,"Public","Female"
20,23.6363636363636,NA,NA,46.6666666666667,20,60,25.5172413793103,"Public","Female"
46.6666666666667,65.4545454545455,NA,NA,60,60,80,58.0645161290323,"Public","Female"
38.3333333333333,38.1818181818182,40,NA,60,30,80,41.9354838709677,"Public","Female"
65,100,NA,NA,64,60,100,78.0645161290323,"Public","Male"
53.3333333333333,40,NA,60,55,40,60,49.375,"Public","Female"
56.6666666666667,65.4545454545455,NA,NA,65,30,60,58.7096774193548,"Public","Female"
40,45.4545454545455,NA,60,60,40,60,45.3333333333333,"Public","Male"
90,78.1818181818182,NA,NA,46.6666666666667,70,60,76.1290322580645,"Public","Female"
35,29.0909090909091,NA,60,35,20,60,35.625,"Private","Female"
43.3333333333333,52.7272727272727,NA,NA,68,40,60,51.3333333333333,"Public","Male"
60,60,40,NA,50,NA,80,58.6206896551724,"Public","Female"
56.6666666666667,70.9090909090909,NA,60,65,40,60,62.5,"Public","Male"
70,78.1818181818182,NA,NA,60,60,80,70.3225806451613,"Public","Male"
65,41.8181818181818,NA,NA,70,80,80,56.7741935483871,"Public","Female"
81.6666666666667,81.8181818181818,NA,NA,65,80,80,79.3103448275862,"Public","Female"
56.6666666666667,70.9090909090909,NA,NA,60,20,100,60.6451612903226,"Public","Female"
30,38.1818181818182,NA,NA,55,20,20,35.3333333333333,"Public","Female"
51.6666666666667,52.7272727272727,NA,60,40,30,60,50,"Public","Female"
80,78.1818181818182,NA,NA,60,NA,80,76.4285714285714,"Public","Female"
68.3333333333333,83.6363636363636,NA,NA,70,50,100,72.9032258064516,"Public","Female"
30,58.1818181818182,NA,NA,40,NA,60,43.7037037037037,"Public","Male"
88.3333333333333,100,20,NA,40,NA,80,84.1379310344828,"Public","Female"
20,20,NA,NA,35,70,80,27.741935483871,"Public","Female"
80,80,NA,60,56,50,100,73.5294117647059,"Public","Female"
26.6666666666667,32.7272727272727,20,60,40,20,20,30.9677419354839,"Public","Female"
73.3333333333333,69.0909090909091,NA,NA,75,53.3333333333333,60,69.375,"Public","Female"
26.6666666666667,38.1818181818182,NA,NA,55,40,60,37.3333333333333,"Public","Male"
30,36.3636363636364,NA,NA,60,50,80,40,"Public","Female"
60,60,20,NA,50,80,80,58.7096774193548,"Public","Female"
56.6666666666667,72.7272727272727,40,60,50,NA,60,62.5,"Public","Female"
60,60,NA,60,60,40,60,60,"Public","Female"
96.6666666666667,94.5454545454545,NA,NA,72,60,80,87.5,"Public","Female"
58.3333333333333,74.5454545454545,NA,NA,48,60,80,64.375,"Public","Female"
51.6666666666667,47.2727272727273,20,60,65,20,80,52.1212121212121,"Public","Female"
60,60,NA,60,56,40,60,60,"Public","Female"
80,83.6363636363636,NA,NA,60,80,80,76.1290322580645,"Public","Female"
63.3333333333333,69.0909090909091,NA,NA,55,60,60,64.5161290322581,"Public","Female"
91.6666666666667,85.4545454545455,NA,NA,45,60,60,80,"Public","Female"
75,72.7272727272727,NA,60,64,50,80,69.4117647058823,"Public","Female"
86.6666666666667,78.1818181818182,NA,NA,68,80,60,80,"Public","Female"
71.6666666666667,78.1818181818182,NA,NA,80,40,80,73.3333333333333,"Public","Female"
70,72.7272727272727,NA,60,60,40,60,68.6666666666667,"Public","Female"
45,45.4545454545455,NA,NA,60,60,60,47.8571428571429,"Public","Female"
91.6666666666667,70.9090909090909,NA,NA,55,100,100,78.0645161290323,"Public","Female"
48.3333333333333,60,NA,NA,45,NA,60,54.6666666666667,"Public","Female"
81.6666666666667,78.1818181818182,NA,NA,55,50,80,74.6666666666667,"Public","Female"
40,38.1818181818182,NA,NA,60,70,60,43.8709677419355,"Public","Male"
56.6666666666667,78.1818181818182,NA,NA,60,40,80,65.3333333333333,"Public","Female"
30,30.9090909090909,NA,NA,70,40,80,40,"Public","Female"
76.6666666666667,80,NA,60,60,NA,80,74,"Public","Female"
61.6666666666667,74.5454545454545,NA,60,64,40,80,66.875,"Public","Female"
78.3333333333333,70.9090909090909,NA,NA,65,NA,60,73.3333333333333,"Public","Female"
53.3333333333333,49.0909090909091,NA,60,56,50,40,52.3529411764706,"Public","Female"
46.6666666666667,60,NA,NA,60,40,60,53.5714285714286,"Public","Female"
98.3333333333333,94.5454545454545,NA,NA,73.3333333333333,70,80,90.6666666666667,"Public","Female"
75,80,NA,60,60,40,60,73.1034482758621,"Public","Female"
66.6666666666667,74.5454545454545,NA,60,65,40,80,68.3870967741936,"Public","Female"
100,85.4545454545455,NA,NA,73.3333333333333,NA,100,90.7142857142857,"Public","Male"
53.3333333333333,54.5454545454545,NA,NA,66.6666666666667,30,60,53.7931034482759,"Public","Female"
80,78.1818181818182,NA,NA,68,60,60,74.8387096774193,"Public","Female"
93.3333333333333,83.6363636363636,NA,60,70,40,60,81.2903225806452,"Public","Female"
60,58.1818181818182,NA,NA,65,40,60,60.6666666666667,"Public","Female"
68.3333333333333,67.2727272727273,NA,60,65,60,80,65.625,"Public","Female"
86.6666666666667,89.0909090909091,40,NA,73.3333333333333,80,80,82.6666666666667,"Public","Female"
38.3333333333333,34.5454545454545,20,60,45,20,80,40,"Public","Female"
43.3333333333333,60,NA,NA,73.3333333333333,20,60,53.1034482758621,"Public","Female"
40,45.4545454545455,NA,NA,46.6666666666667,20,20,42.0689655172414,"Public","Female"
31.6666666666667,38.1818181818182,NA,NA,65,50,60,41.2903225806452,"Public","Female"
50,74.5454545454545,40,NA,70,80,80,63.75,"Public","Female"
80,80,40,60,53.3333333333333,NA,80,74.6666666666667,"Public","Female"
88.3333333333333,76.3636363636364,40,NA,65,NA,60,77.3333333333333,"Public","Female"
58.3333333333333,61.8181818181818,NA,60,68,50,80,62.4242424242424,"Public","Female"
98.3333333333333,96.3636363636364,NA,60,52,70,60,85.2941176470588,"Public","Female"
71.6666666666667,78.1818181818182,NA,60,60,NA,60,72.258064516129,"Public","Female"
76.6666666666667,78.1818181818182,NA,NA,68,NA,60,74.1935483870968,"Public","Male"
61.6666666666667,74.5454545454545,NA,NA,66.6666666666667,80,80,68.6666666666667,"Public","Female"
56.6666666666667,78.1818181818182,20,NA,46.6666666666667,20,80,61.3333333333333,"Public","Female"
33.3333333333333,30.9090909090909,NA,NA,60,NA,60,38.5714285714286,"Public","Female"
43.3333333333333,78.1818181818182,NA,NA,70,60,80,62.6666666666667,"Public","Male"
46.6666666666667,60,NA,60,75,60,80,56.875,"Private","Female"
66.6666666666667,67.2727272727273,NA,60,46.6666666666667,60,80,63.8709677419355,"Public","Female"
56.6666666666667,63.6363636363636,NA,NA,40,60,60,57.2413793103448,"Public","Female"
71.6666666666667,78.1818181818182,NA,60,65,70,80,73.75,"Public","Female"
60,60,NA,NA,52,NA,80,60,"Public","Female"
88.3333333333333,89.0909090909091,NA,60,53.3333333333333,NA,80,81.3333333333333,"Public","Female"
25,23.6363636363636,20,60,40,50,60,30,"Public","Female"
85,94.5454545454545,NA,60,55,100,80,83.2258064516129,"Public","Female"
33.3333333333333,40,40,NA,60,50,80,41.25,"Public","Female"
63.3333333333333,80,NA,NA,66.6666666666667,60,60,69.6551724137931,"Public","Female"
80,80,NA,NA,65,60,80,78,"Public","Female"
65,65.4545454545455,NA,NA,60,20,60,61.9354838709677,"Public","Female"
43.3333333333333,52.7272727272727,NA,NA,60,NA,60,51.4285714285714,"Public","Female"
71.6666666666667,80,NA,NA,60,NA,60,73.7931034482759,"Public","Female"
80,89.0909090909091,NA,NA,46.6666666666667,80,80,78.6206896551724,"Public","Female"
73.3333333333333,74.5454545454545,NA,NA,40,NA,80,68.5714285714286,"Public","Female"
80,80,NA,60,50,80,80,75.3333333333333,"Public","Female"
66.6666666666667,60,NA,NA,72,70,80,65.625,"Public","Female"
56.6666666666667,67.2727272727273,NA,NA,55,60,60,60.6896551724138,"Public","Male"
33.3333333333333,63.6363636363636,40,NA,60,20,40,48,"Public","Female"
83.3333333333333,83.6363636363636,NA,NA,60,80,80,81.3793103448276,"Public","Female"
65,70.9090909090909,NA,60,60,40,80,66,"Public","Male"
33.3333333333333,34.5454545454545,NA,NA,55,100,20,41.2903225806452,"Public","Male"
78.3333333333333,67.2727272727273,NA,NA,65,NA,80,71.0344827586207,"Public","Female"
71.6666666666667,80,NA,NA,50,60,60,70.9677419354839,"Public","Female"
41.6666666666667,65.4545454545455,NA,NA,70,40,100,56.6666666666667,"Public","Female"
76.6666666666667,83.6363636363636,NA,NA,55,60,60,74.8387096774193,"Public","Female"
88.3333333333333,87.2727272727273,NA,NA,60,60,80,81.2903225806452,"Public","Female"
90,92.7272727272727,NA,NA,55,20,100,80.6451612903226,"Public","Female"
50,98.1818181818182,NA,NA,66.6666666666667,NA,60,70.7142857142857,"Public","Female"
20,23.6363636363636,NA,NA,64,50,80,33.9393939393939,"Public","Female"
51.6666666666667,61.8181818181818,NA,60,64,NA,60,58.0645161290323,"Public","Female"
71.6666666666667,41.8181818181818,NA,NA,60,50,100,58.0645161290323,"Public","Male"
75,61.8181818181818,NA,NA,65,40,80,65,"Public","Female"
30,23.6363636363636,NA,NA,60,80,100,36,"Public","Female"
30,38.1818181818182,NA,NA,56,20,100,40.6060606060606,"Public","Female"
43.3333333333333,100,NA,NA,30,60,60,67.1428571428571,"Public","Female"
81.6666666666667,80,NA,60,48,80,80,73.3333333333333,"Public","Female"
100,100,NA,NA,70,60,80,91.6129032258065,"Public","Female"
65,52.7272727272727,NA,NA,60,20,100,59.3103448275862,"Public","Female"
26.6666666666667,30.9090909090909,NA,60,50,20,20,32,"Public","Female"
70,80,40,60,60,80,60,69.4117647058823,"Public","Male"
61.6666666666667,67.2727272727273,NA,NA,65,60,60,63.2258064516129,"Public","Female"
83.3333333333333,69.0909090909091,NA,60,60,20,60,71.7241379310345,"Public","Female"
75,89.0909090909091,NA,NA,56,80,80,76.25,"Public","Female"
91.6666666666667,60,20,NA,40,NA,80,70.3448275862069,"Public","Female"
56.6666666666667,69.0909090909091,NA,NA,53.3333333333333,40,100,62,"Public","Female"
70,74.5454545454545,NA,60,68,40,60,69.6969696969697,"Public","Female"
78.3333333333333,74.5454545454545,NA,NA,65,20,100,73.7931034482759,"Private","Female"
90,89.0909090909091,NA,60,65,80,80,84.5161290322581,"Public","Female"
63.3333333333333,78.1818181818182,40,NA,66.6666666666667,NA,80,68.9655172413793,"Public","Female"
68.3333333333333,76.3636363636364,40,60,65,60,80,67.8787878787879,"Public","Female"
100,100,NA,NA,50,100,80,92,"Public","Female"
68.3333333333333,74.5454545454545,NA,NA,52,40,60,65.625,"Public","Female"
53.3333333333333,69.0909090909091,NA,NA,48,40,80,59.375,"Public","Female"
73.3333333333333,80,NA,60,65,60,80,74,"Public","Female"
60,80,NA,NA,52,NA,40,65.3333333333333,"Public","Female"
80,89.0909090909091,NA,NA,64,80,80,80,"Public","Female"
61.6666666666667,45.4545454545455,NA,NA,66.6666666666667,40,40,53.1034482758621,"Public","Female"
60,60,NA,NA,50,80,100,61.875,"Public","Female"
80,80,NA,NA,65,80,80,76.1290322580645,"Public","Female"
73.3333333333333,85.4545454545455,NA,60,55,80,80,73.125,"Private","Female"
65,58.1818181818182,20,60,50,40,60,58.7878787878788,"Public","Female"
50,58.1818181818182,40,60,60,46.6666666666667,60,54.7058823529412,"Public","Female"
100,76.3636363636364,20,NA,65,40,80,80,"Public","Female"
75,76.3636363636364,NA,NA,75,70,80,75.3333333333333,"Public","Female"
63.3333333333333,58.1818181818182,40,60,60,NA,60,60,"Public","Male"
70,80,NA,60,60,60,60,69.6774193548387,"Public","Female"
70,74.5454545454545,NA,NA,66.6666666666667,60,60,70.3448275862069,"Public","Female"
30,32.7272727272727,NA,NA,56,NA,80,38.7096774193548,"Public","Female"
70,80,NA,NA,55,NA,100,71.7241379310345,"Public","Female"
76.6666666666667,80,NA,NA,60,NA,80,74,"Public","Female"
25,21.8181818181818,NA,60,50,20,80,30.9090909090909,"Public","Female"
80,80,NA,NA,65,NA,80,76,"Public","Female"
55,85.4545454545455,NA,NA,55,70,80,68.125,"Public","Female"
93.3333333333333,85.4545454545455,NA,NA,60,60,80,81.25,"Private","Male"
96.6666666666667,98.1818181818182,NA,60,65,60,80,87.2727272727273,"Public","Female"
26.6666666666667,52.7272727272727,NA,60,20,NA,20,39.2592592592593,"Public","Female"
53.3333333333333,52.7272727272727,NA,NA,46.6666666666667,80,80,54.4827586206897,"Public","Female"
66.6666666666667,74.5454545454545,NA,NA,64,80,80,69.0322580645161,"Public","Female"
46.6666666666667,60,NA,60,68,40,60,55.7575757575758,"Public","Male"
83.3333333333333,69.0909090909091,40,NA,50,NA,100,72.4137931034483,"Public","Female"
53.3333333333333,70.9090909090909,NA,NA,65,20,60,59.3548387096774,"Public","Female"
50,67.2727272727273,20,NA,60,20,60,55.8620689655172,"Public","Female"
38.3333333333333,41.8181818181818,NA,NA,55,20,60,41.2903225806452,"Public","Male"
50,52.7272727272727,NA,60,60,50,60,52.5,"Public","Female"
83.3333333333333,61.8181818181818,NA,NA,60,60,80,70,"Public","Female"
26.6666666666667,80,NA,NA,64,80,80,56.1290322580645,"Public","Female"
76.6666666666667,72.7272727272727,NA,NA,70,40,60,71.4285714285714,"Public","Female"
56.6666666666667,61.8181818181818,NA,60,55,20,60,58.0645161290323,"Public","Female"
48.3333333333333,60,NA,NA,60,40,60,54.6666666666667,"Public","Female"
46.6666666666667,58.1818181818182,NA,NA,45,50,80,52,"Public","Female"
60,61.8181818181818,NA,60,68,NA,60,62.5,"Public","Female"
60,60,NA,NA,60,60,60,61.3333333333333,"Public","Female"
68.3333333333333,54.5454545454545,NA,NA,68,40,40,62.5,"Public","Female"
48.3333333333333,67.2727272727273,NA,60,60,50,60,58.75,"Public","Female"
78.3333333333333,85.4545454545455,NA,60,66.6666666666667,60,80,79.3333333333333,"Public","Female"
35,34.5454545454545,NA,NA,65,40,60,41.9354838709677,"Public","Female"
63.3333333333333,80,20,NA,68,NA,60,68.3870967741936,"Public","Female"
75,78.1818181818182,NA,NA,64,60,60,71.875,"Public","Female"
46.6666666666667,58.1818181818182,NA,NA,65,NA,60,55.1724137931035,"Public","Female"
66.6666666666667,70.9090909090909,NA,60,72,40,80,66.6666666666667,"Public","Female"
63.3333333333333,100,NA,NA,60,40,100,77.7777777777778,"Public","Female"
33.3333333333333,52.7272727272727,NA,60,70,50,80,48.3870967741936,"Public","Female"
63.3333333333333,67.2727272727273,NA,NA,65,70,80,65,"Public","Female"
55,74.5454545454545,NA,NA,70,NA,60,65.5172413793103,"Public","Female"
41.6666666666667,54.5454545454545,NA,60,53.3333333333333,40,40,47.0967741935484,"Public","Female"
53.3333333333333,87.2727272727273,NA,NA,76,50,100,70.3225806451613,"Public","Female"
36.6666666666667,76.3636363636364,NA,NA,66.6666666666667,20,60,55.8620689655172,"Public","Female"
48.3333333333333,56.3636363636364,NA,NA,55,40,40,53.125,"Public","Female"
66.6666666666667,80,NA,NA,56,80,80,71.5151515151515,"Public","Female"
60,63.6363636363636,NA,NA,60,NA,60,62.2222222222222,"Public","Female"
73.3333333333333,80,NA,60,64,70,60,72.3529411764706,"Public","Female"
43.3333333333333,56.3636363636364,20,NA,65,20,40,49.375,"Public","Female"
46.6666666666667,49.0909090909091,20,NA,56,NA,60,49.0322580645161,"Public","Female"
71.6666666666667,67.2727272727273,NA,NA,64,NA,60,67.0967741935484,"Public","Female"
48.3333333333333,56.3636363636364,NA,NA,53.3333333333333,40,80,52.258064516129,"Public","Female"
75,45.4545454545455,NA,NA,60,40,60,58.6666666666667,"Public","Female"
23.3333333333333,29.0909090909091,NA,NA,52,50,100,35.7575757575758,"Public","Female"
51.6666666666667,56.3636363636364,NA,60,56,NA,80,56.7741935483871,"Public","Male"
73.3333333333333,72.7272727272727,NA,60,52,80,80,70.625,"Public","Female"
65,76.3636363636364,20,60,70,40,80,66.875,"Public","Female"
66.6666666666667,52.7272727272727,NA,NA,60,40,60,58.7096774193548,"Public","Male"
43.3333333333333,50.9090909090909,NA,60,46.6666666666667,40,60,48.75,"Public","Female"
68.3333333333333,74.5454545454545,40,NA,75,40,60,68.3870967741936,"Public","Male"
85,78.1818181818182,NA,60,68,60,60,76.969696969697,"Public","Female"
63.3333333333333,56.3636363636364,NA,60,60,30,60,59.375,"Public","Female"
65,32.7272727272727,NA,60,66.6666666666667,20,60,50.9677419354839,"Public","Female"
60,63.6363636363636,NA,NA,65,40,80,61.25,"Public","Female"
83.3333333333333,56.3636363636364,NA,60,80,NA,100,72,"Private","Male"
36.6666666666667,58.1818181818182,NA,NA,50,40,60,49.0322580645161,"Public","Female"
40,52.7272727272727,40,60,52,40,60,48.4848484848485,"Public","Female"
58.3333333333333,83.6363636363636,NA,NA,56,66.6666666666667,80,68.125,"Public","Female"
51.6666666666667,83.6363636363636,NA,NA,65,20,80,65.5172413793103,"Public","Female"
36.6666666666667,47.2727272727273,NA,NA,53.3333333333333,30,80,45.1612903225806,"Public","Male"
53.3333333333333,52.7272727272727,NA,NA,50,50,60,52.9032258064516,"Public","Female"
78.3333333333333,81.8181818181818,NA,NA,55,NA,60,74,"Public","Female"
75,80,NA,60,45,20,80,70.6666666666667,"Public","Female"
60,40,40,60,60,20,20,49.375,"Public","Male"
48.3333333333333,49.0909090909091,NA,NA,60,33.3333333333333,80,50,"Public","Male"
73.3333333333333,76.3636363636364,NA,NA,53.3333333333333,NA,80,73.1034482758621,"Public","Female"
55,58.1818181818182,NA,60,60,50,60,56,"Public","Female"
68.3333333333333,49.0909090909091,NA,NA,75,NA,80,61.3333333333333,"Public","Female"
51.6666666666667,70.9090909090909,NA,NA,66.6666666666667,80,60,63.3333333333333,"Public","Female"
68.3333333333333,78.1818181818182,NA,NA,80,50,80,72.5,"Public","Male"
68.3333333333333,60,NA,60,64,40,60,63.030303030303,"Public","Female"
61.6666666666667,72.7272727272727,NA,60,55,NA,60,64.6666666666667,"Public","Male"
75,50.9090909090909,NA,NA,60,20,60,60.7142857142857,"Public","Female"
48.3333333333333,54.5454545454545,NA,NA,75,NA,60,54.6666666666667,"Public","Male"
63.3333333333333,67.2727272727273,NA,NA,60,40,60,63.3333333333333,"Public","Male"
68.3333333333333,80,NA,60,64,20,60,67.8787878787879,"Public","Male"
33.3333333333333,49.0909090909091,NA,NA,60,40,80,46.4516129032258,"Public","Male"
23.3333333333333,23.6363636363636,NA,NA,45,40,60,30.3225806451613,"Private","Male"
36.6666666666667,27.2727272727273,20,NA,53.3333333333333,30,60,36.7741935483871,"Public","Male"
73.3333333333333,80,NA,NA,72,80,80,74.8387096774193,"Public","Female"
45,56.3636363636364,NA,NA,60,40,60,51.7241379310345,"Public","Female"
60,80,NA,60,52,80,80,67.5,"Public","Female"
53.3333333333333,74.5454545454545,NA,60,60,80,60,62.7586206896552,"Public","Female"
80,98.1818181818182,NA,60,55,40,80,79.375,"Public","Female"
70,69.0909090909091,NA,60,68,50,60,68.4848484848485,"Public","Male"
83.3333333333333,74.5454545454545,NA,NA,50,40,60,72.9032258064516,"Public","Male"
73.3333333333333,60,NA,NA,50,20,60,64,"Public","Male"
46.6666666666667,20,NA,NA,70,50,40,37.9310344827586,"Public","Male"
33.3333333333333,43.6363636363636,NA,NA,60,20,20,40,"Public","Male"
20,20,NA,60,60,NA,60,29.3333333333333,"Public","Female"
63.3333333333333,61.8181818181818,NA,60,70,60,60,64.375,"Public","Female"
66.6666666666667,61.8181818181818,NA,NA,53.3333333333333,50,60,60.6451612903226,"Public","Female"
80,80,NA,NA,70,20,40,74,"Private","Male"
58.3333333333333,61.8181818181818,NA,NA,60,20,80,58.7096774193548,"Public","Female"
63.3333333333333,54.5454545454545,NA,60,65,70,80,61.875,"Public","Female"
55,63.6363636363636,NA,60,60,20,80,58.125,"Public","Female"
75,80,NA,60,68,60,80,73.125,"Public","Male"
50,50.9090909090909,NA,NA,53.3333333333333,20,60,48.9655172413793,"Public","Male"
76.6666666666667,72.7272727272727,NA,NA,56,40,80,68.75,"Public","Female"
55,61.8181818181818,NA,NA,46.6666666666667,40,60,56.6666666666667,"Public","Female"
55,65.4545454545455,NA,NA,60,50,40,59.3939393939394,"Public","Male"
80,92.7272727272727,NA,60,48,NA,80,78.75,"Public","Female"
46.6666666666667,74.5454545454545,NA,NA,45,50,80,58.75,"Public","Female"
58.3333333333333,69.0909090909091,NA,NA,64,20,80,62.4242424242424,"Public","Female"
58.3333333333333,60,NA,NA,60,NA,60,60.6666666666667,"Public","Female"
63.3333333333333,74.5454545454545,NA,NA,55,50,60,65.8064516129032,"Public","Female"
68.3333333333333,74.5454545454545,NA,NA,50,60,80,67.3333333333333,"Public","Female"
46.6666666666667,65.4545454545455,NA,60,70,60,60,58,"Public","Male"
53.3333333333333,47.2727272727273,NA,60,55,40,60,52.9032258064516,"Public","Female"
56.6666666666667,76.3636363636364,NA,60,65,40,80,66.4516129032258,"Public","Male"
60,40,NA,NA,65,30,60,51.6129032258064,"Public","Male"
33.3333333333333,36.3636363636364,NA,60,75,20,80,42,"Public","Female"
75,90.9090909090909,NA,60,60,60,60,77.3333333333333,"Public","Male"
76.6666666666667,83.6363636363636,NA,NA,50,40,60,74.6666666666667,"Public","Male"
86.6666666666667,70.9090909090909,NA,60,60,NA,60,74.4827586206897,"Public","Female"
61.6666666666667,70.9090909090909,NA,60,65,40,60,63.125,"Public","Female"
51.6666666666667,65.4545454545455,20,NA,70,40,60,56.969696969697,"Public","Male"
80,80,NA,NA,73.3333333333333,NA,80,78.5714285714286,"Public","Female"
76.6666666666667,70.9090909090909,NA,60,46.6666666666667,80,60,69.3333333333333,"Public","Male"
48.3333333333333,49.0909090909091,NA,60,75,40,60,53.3333333333333,"Private","Male"
61.6666666666667,74.5454545454545,NA,60,55,NA,80,66.6666666666667,"Public","Female"
70,76.3636363636364,NA,60,60,NA,60,70,"Public","Female"
58.3333333333333,49.0909090909091,NA,NA,52,30,60,52.258064516129,"Public","Male"
80,74.5454545454545,NA,60,46.6666666666667,40,60,70.3225806451613,"Public","Female"
80,80,NA,60,100,40,80,78,"Public","Female"
66.6666666666667,70.9090909090909,NA,60,60,NA,60,67.0967741935484,"Public","Female"
51.6666666666667,70.9090909090909,NA,NA,55,40,60,58.0645161290323,"Public","Male"
55,69.0909090909091,NA,NA,60,50,60,60.7142857142857,"Public","Female"
40,47.2727272727273,NA,60,70,60,60,47.1428571428571,"Public","Female"
58.3333333333333,76.3636363636364,NA,NA,60,20,60,65.3333333333333,"Public","Female"
53.3333333333333,56.3636363636364,NA,NA,60,60,60,55.4838709677419,"Public","Female"
45,54.5454545454545,NA,NA,53.3333333333333,40,80,51.875,"Public","Female"
41.6666666666667,40,NA,NA,60,20,40,41.3793103448276,"Public","Male"
56.6666666666667,74.5454545454545,NA,NA,50,60,40,62.6666666666667,"Public","Female"
66.6666666666667,67.2727272727273,NA,NA,66.6666666666667,80,80,66.6666666666667,"Public","Female"
60,74.5454545454545,NA,NA,46.6666666666667,40,60,64.6666666666667,"Public","Female"
46.6666666666667,60,NA,NA,55,50,80,54.8387096774194,"Public","Female"
80,70.9090909090909,NA,NA,64,50,60,71.6129032258064,"Public","Male"
76.6666666666667,78.1818181818182,NA,NA,46.6666666666667,40,80,70.3225806451613,"Public","Female"
51.6666666666667,52.7272727272727,NA,NA,70,60,60,55.3333333333333,"Public","Female"
73.3333333333333,70.9090909090909,NA,60,40,NA,60,66.6666666666667,"Public","Male"
48.3333333333333,58.1818181818182,NA,60,75,50,60,56.875,"Public","Female"
55,40,NA,NA,56,20,80,48.3870967741936,"Public","Male"
66.6666666666667,58.1818181818182,NA,60,60,NA,80,61.9354838709677,"Public","Male"
85,83.6363636363636,NA,NA,55,80,80,79.3333333333333,"Public","Male"
86.6666666666667,47.2727272727273,NA,NA,40,80,60,65.3333333333333,"Public","Female"
43.3333333333333,43.6363636363636,NA,60,55,40,60,45.625,"Public","Male"
61.6666666666667,96.3636363636364,NA,NA,60,NA,80,74.6666666666667,"Public","Female"
71.6666666666667,83.6363636363636,NA,NA,75,NA,60,74.6666666666667,"Public","Male"
56.6666666666667,63.6363636363636,40,NA,46.6666666666667,40,60,55.4838709677419,"Public","Female"
58.3333333333333,98.1818181818182,NA,NA,66.6666666666667,40,60,74.2857142857143,"Public","Female"
58.3333333333333,70.9090909090909,NA,60,65,NA,60,63.2258064516129,"Public","Female"
53.3333333333333,65.4545454545455,NA,NA,55,60,80,58.7096774193548,"Public","Male"
76.6666666666667,80,NA,NA,65,70,60,74.1935483870968,"Public","Male"
46.6666666666667,60,NA,NA,20,20,60,50.7692307692308,"Public","Female"
85,43.6363636363636,NA,NA,68,NA,60,66,"Public","Female"
38.3333333333333,78.1818181818182,NA,60,65,60,100,60,"Public","Male"
43.3333333333333,41.8181818181818,NA,NA,65,20,60,47.741935483871,"Public","Male"
46.6666666666667,47.2727272727273,NA,60,70,40,40,50,"Public","Male"
80,80,20,60,65,50,60,72.1212121212121,"Public","Male"
58.3333333333333,60,NA,NA,52,NA,80,58.6666666666667,"Public","Female"
58.3333333333333,60,NA,60,72,60,60,60.6060606060606,"Public","Female"
80,80,NA,NA,66.6666666666667,80,80,77.2413793103448,"Public","Female"
53.3333333333333,38.1818181818182,NA,60,46.6666666666667,40,60,46.6666666666667,"Public","Female"
50,52.7272727272727,NA,NA,65,20,80,53.125,"Public","Male"
66.6666666666667,72.7272727272727,NA,60,60,40,60,66.875,"Public","Male"
70,34.5454545454545,NA,NA,75,40,80,58,"Public","Female"
58.3333333333333,60,20,60,65,80,80,60,"Public","Female"
85,83.6363636363636,NA,NA,60,NA,60,80.6896551724138,"Public","Female"
55,56.3636363636364,NA,NA,45,80,60,54.6666666666667,"Public","Female"
56.6666666666667,76.3636363636364,40,60,55,50,80,63.030303030303,"Public","Female"
75,76.3636363636364,NA,NA,70,NA,80,74.6666666666667,"Public","Male"
65,60,NA,NA,55,NA,60,62.7586206896552,"Public","Female"
43.3333333333333,100,NA,NA,68,30,80,67.741935483871,"Public","Female"
76.6666666666667,80,NA,NA,70,53.3333333333333,80,74.375,"Public","Female"
75,76.3636363636364,40,NA,60,NA,80,70.625,"Public","Female"
68.3333333333333,72.7272727272727,NA,NA,64,60,60,67.5,"Public","Female"
56.6666666666667,58.1818181818182,NA,NA,55,60,60,56.6666666666667,"Public","Female"
88.3333333333333,85.4545454545455,NA,NA,80,NA,80,86.2068965517241,"Public","Female"
80,80,NA,60,64,40,80,74.5454545454545,"Public","Female"
73.3333333333333,92.7272727272727,NA,NA,60,20,100,77.3333333333333,"Public","Female"
31.6666666666667,61.8181818181818,NA,NA,50,20,20,44.6666666666667,"Public","Male"
83.3333333333333,80,40,NA,60,80,60,75.625,"Public","Female"
51.6666666666667,58.1818181818182,NA,60,65,80,80,58.0645161290323,"Public","Female"
86.6666666666667,80,NA,60,80,NA,100,82.962962962963,"Public","Female"
80,81.8181818181818,NA,NA,75,80,100,80,"Public","Female"
66.6666666666667,78.1818181818182,NA,NA,65,20,60,66.4516129032258,"Public","Male"
80,96.3636363636364,NA,60,64,NA,60,81.2903225806452,"Public","Female"
88.3333333333333,100,NA,NA,55,60,60,82.5,"Public","Female"
75,74.5454545454545,40,NA,60,60,60,70,"Public","Female"
41.6666666666667,52.7272727272727,NA,60,65,60,60,50.625,"Public","Female"
70,72.7272727272727,NA,60,64,30,60,67.8787878787879,"Public","Female"
63.3333333333333,72.7272727272727,NA,60,53.3333333333333,20,80,64.6666666666667,"Public","Female"
43.3333333333333,54.5454545454545,NA,60,50,40,40,50.625,"Public","Female"
83.3333333333333,78.1818181818182,NA,NA,60,100,100,77.4193548387097,"Public","Male"
63.3333333333333,74.5454545454545,NA,NA,66.6666666666667,60,60,66.8965517241379,"Public","Female"
33.3333333333333,60,NA,NA,66.6666666666667,40,60,50,"Public","Female"
38.3333333333333,30.9090909090909,NA,NA,45,30,20,38.125,"Public","Male"
71.6666666666667,83.6363636363636,NA,60,65,NA,100,75.3333333333333,"Public","Male"
60,81.8181818181818,NA,NA,64,50,60,67.5,"Public","Female"
50,56.3636363636364,NA,NA,53.3333333333333,60,80,55.8620689655172,"Public","Female"
58.3333333333333,61.8181818181818,40,60,60,20,40,56.25,"Public","Female"
60,87.2727272727273,NA,NA,60,80,60,72,"Public","Female"
51.6666666666667,58.1818181818182,NA,NA,52,50,60,54.5454545454545,"Public","Female"
55,58.1818181818182,NA,NA,60,40,80,58.6206896551724,"Public","Female"
75,100,NA,NA,68,100,80,83.8709677419355,"Public","Female"
93.3333333333333,78.1818181818182,NA,NA,70,20,60,80,"Private","Female"
100,100,NA,60,55,40,80,86.875,"Public","Male"
85,98.1818181818182,NA,NA,60,80,100,86.8965517241379,"Public","Female"
66.6666666666667,63.6363636363636,NA,NA,64,60,60,65.8064516129032,"Public","Female"
51.6666666666667,60,NA,NA,46.6666666666667,50,60,55.4838709677419,"Public","Female"
55,69.0909090909091,NA,NA,73.3333333333333,30,80,61.3333333333333,"Public","Female"
53.3333333333333,54.5454545454545,NA,NA,50,NA,40,52.8571428571429,"Public","Male"
56.6666666666667,63.6363636363636,40,NA,70,20,100,60.6451612903226,"Public","Male"
80,67.2727272727273,NA,60,66.6666666666667,50,100,70,"Public","Female"
75,43.6363636363636,NA,60,66.6666666666667,40,60,60,"Public","Female"
31.6666666666667,36.3636363636364,NA,NA,30,20,40,35.3333333333333,"Public","Female"
80,81.8181818181818,NA,NA,64,70,60,75.7575757575758,"Public","Female"
73.3333333333333,72.7272727272727,NA,NA,65,80,80,72.6666666666667,"Public","Male"
86.6666666666667,87.2727272727273,NA,NA,75,60,80,81.25,"Public","Female"
68.3333333333333,67.2727272727273,NA,60,55,40,80,65.625,"Public","Female"
73.3333333333333,100,NA,NA,53.3333333333333,50,80,79.3333333333333,"Public","Female"
40,50.9090909090909,NA,NA,70,40,40,47.5,"Public","Female"
36.6666666666667,34.5454545454545,NA,NA,33.3333333333333,40,40,37.9310344827586,"Public","Female"
53.3333333333333,49.0909090909091,NA,60,66.6666666666667,40,60,54.8387096774194,"Public","Female"
53.3333333333333,52.7272727272727,NA,NA,45,46.6666666666667,40,50.9090909090909,"Public","Female"
81.6666666666667,72.7272727272727,NA,60,55,40,80,73.5483870967742,"Public","Female"
78.3333333333333,80,20,NA,55,NA,60,72.6666666666667,"Public","Female"
85,81.8181818181818,NA,NA,60,80,60,78.0645161290323,"Public","Female"
81.6666666666667,78.1818181818182,NA,NA,46.6666666666667,60,60,74.4827586206897,"Public","Female"
61.6666666666667,65.4545454545455,NA,60,53.3333333333333,60,60,61.2903225806452,"Public","Female"
50,54.5454545454545,NA,NA,46.6666666666667,20,60,52.4137931034483,"Public","Female"
61.6666666666667,69.0909090909091,NA,60,60,60,60,63.75,"Public","Female"
78.3333333333333,80,NA,60,53.3333333333333,NA,80,75.8620689655172,"Public","Female"
36.6666666666667,23.6363636363636,NA,60,26.6666666666667,20,60,33.3333333333333,"Public","Female"
100,100,NA,NA,75,80,100,92.9032258064516,"Public","Female"
73.3333333333333,80,NA,60,66.6666666666667,80,80,74.6666666666667,"Public","Female"
65,61.8181818181818,NA,NA,55,NA,80,62,"Public","Female"
56.6666666666667,52.7272727272727,NA,NA,66.6666666666667,70,60,55.4838709677419,"Public","Female"
58.3333333333333,72.7272727272727,NA,NA,64,20,80,63.8709677419355,"Public","Female"
66.6666666666667,80,NA,NA,66.6666666666667,70,80,70.3225806451613,"Public","Female"
70,76.3636363636364,20,60,45,70,60,65.2941176470588,"Public","Female"
53.3333333333333,65.4545454545455,NA,NA,56,30,80,56.969696969697,"Public","Male"
100,100,NA,60,60,80,60,89.6774193548387,"Private","Male"
31.6666666666667,41.8181818181818,NA,NA,20,20,20,35.1724137931034,"Public","Female"
58.3333333333333,50.9090909090909,NA,NA,65,NA,80,57.2413793103448,"Public","Female"
